Nombre de la institución;Sector;Código;Id. Sector
ACADEMIA NACIONAL DE ESTUDIOS POLITICOS Y ESTRATEGICOS;Otros;1809839;6
AGENCIA CHILENA DE COOPERACION INTERNACIONAL PARA EL DESARROLLO;Gobierno Central, Universidades;7086;2
AGENCIA CHILENA DE EFICIENCIA ENERGETICA;Gobierno Central, Universidades;1224636;2
AGENCIA DE CALIDAD DE LA EDUCACION;Gobierno Central, Universidades;1317960;2
AGENCIA DE PROMOCION DE LA INVERSION EXTRANJERA;Gobierno Central, Universidades;7193;2
AGENCIA NACIONAL DE CIBERSEGURIDAD;;2007449;8
AGENCIA NACIONAL DE INTELIGENCIA;Gobierno Central, Universidades;7212;2
ARTESANÍAS CHILE;Otros;1499491;6
ASOCIACION CULTURAL MUNICIPAL DE CERRILLOS;Otros;1905875;6
ASOCIACION DE MUNICIPALIDADES BIO BIO CENTRO;;1978388;8
ASOCIACION DE MUNICIPALIDADES DE LA CUENCA DEL LAGO LLANQUIHUE;Otros;1952395;6
ASOCIACION DE MUNICIPALIDADES DE LA REGION DE ANTOFAGASTA;;1990802;8
ASOCIACION DE MUNICIPALIDADES DE LA REGION DE LA ARAUCANIA;Municipalidades;1986800;4
ASOCIACION DE MUNICIPALIDADES DE LA REGION DEL BIO BIO (AMRBB);;1979483;8
ASOCIACION DE MUNICIPALIDADES DE LA ZONA METROPOLITANA DE LA ARAUCANIA;;1999036;8
ASOCIACION DE MUNICIPALIDADES DEL VALLE DEL ITATA;;1978360;8
ASOCIACION DE MUNICIPALIDADES NAHUELBUTA;;1999075;8
ASOCIACION DE MUNICIPALIDADES PARA LA PRESERVACION DE LA BIODIVERSIDAD;;2005072;8
ASOCIACION DE MUNICIPALIDADES PARA LA SEGURIDAD CIUDADANA EN LA ZONA ORIENTE;Municipalidades;1971699;4
ASOCIACION DE MUNICIPALIDADES PARQUE CORDILLERA;Municipalidades;1986812;4
ASOCIACION DE MUNICIPALIDADES TURISTICAS DE CHILE;;2021001;8
ASOCIACION DE MUNICIPIOS CIUDAD SUR;;2003863;8
ASOCIACION DE MUNICIPIOS METROPOLITANOS PARA LA SEGURIDAD CIUDADANA;Otros;1824441;6
ASOCIACION DE MUNICIPIOS RURALES REGIONES DE TARAPACA Y ARICA - PARINACOTA;;1978386;8
ASOCIACION MUNICIPAL DE DEPORTES Y RECREACION DE TOCOPILLA;Otros;1956769;6
ASOCIACION NACIONAL DE GOBERNADORES Y GOBERNADORAS REGIONALES DE CHILE;;2007447;8
ASOCIACIÓN CHILENA DE MUNICIPALIDADES;Municipalidades;1317359;4
ASOCIACIÓN DE MUNICIPALIDADES COMUNAS COSTERAS DE PUCHUNCAVÍ- QUINTERO;Otros;1872627;6
ASOCIACIÓN DE MUNICIPALIDADES CORDILLERANAS DE LA ARAUCANÍA;;1982097;8
ASOCIACIÓN DE MUNICIPALIDADES DE LA PROVINCIA DE LLANQUIHUE;Otros;1934487;6
ASOCIACIÓN DE MUNICIPALIDADES DEL PUNILLA;Otros;1952438;6
ASOCIACIÓN DE MUNICIPALIDADES RURALES DEL NORTE CHICO;Otros;1675202;6
ASOCIACIÓN DE MUNICIPIOS PARA LA SEGURIDAD COMUNITARIA;;2007689;8
ASOCIACIÓN PARA EL DESARROLLO PRODUCTIVO DEL TURISMO ALTO DEL CARMEN;Otros;1806837;6
ASOCIACIÓN PATRIMONIAL CULTURAL DE LA REGION DE LOS RIOS;;1978401;8
BANCO DEL ESTADO DE CHILE;Otros;6959;6
BIBLIOTECA DEL CONGRESO NACIONAL;Legislativo y Judicial;7265;3
CAJA DE PREVISION DE LA DEFENSA NACIONAL;Gobierno Central, Universidades;7175;2
CASA DE MONEDA DE CHILE;Gobierno Central, Universidades;7198;2
CENTRAL DE ABASTECIMIENTO DEL SISTEMA NACIONAL DE SERVICIO DE SALUD;Salud;6957;7
CENTRO ASISTENCIAL NORTE DE ANTOFAGASTA;Salud;1339711;7
CENTRO DE ESPECIALIDAD  DE ATENCION PREHOSPITALARIA SAMU BIO BIO;Salud;1616398;7
CENTRO DE FORMACION TECNICA DE LA REGION DE ANTOFAGASTA;Gobierno Central, Universidades;1703725;2
CENTRO DE FORMACION TECNICA DE LA REGION DE ATACAMA;Otros;1741046;6
CENTRO DE FORMACION TECNICA DE LA REGION DE COQUIMBO;Otros;1595472;6
CENTRO DE FORMACION TECNICA DE LA REGION DE LA ARAUCANIA;Otros;1577943;6
CENTRO DE FORMACION TECNICA DE LA REGION DE TARAPACA;Gobierno Central, Universidades;1620745;2
CENTRO DE FORMACION TECNICA DE LA REGION DEL MAULE;Otros;1577422;6
CENTRO DE FORMACION TECNICA DE LA REGION METROPOLITANA DE SANTIAGO;Otros;1696874;6
CENTRO DE FORMACION TECNICA ESTATAL DE LA REGION DE LOS LAGOS;Otros;1598310;6
CENTRO DE FORMACION TECNICA ESTATAL DE LA REGION DE LOS RIOS;Gobierno Central, Universidades;1629281;2
CENTRO DE FORMACION TECNICA ESTATAL DE LA REGION DE VALPARAISO;Gobierno Central, Universidades;1628819;2
CENTRO DE FORMACION TECNICA ESTATAL DE MAGALLANES Y ANTARTICA CHILENA;Gobierno Central, Universidades;1700248;2
CENTRO DE FORMACIÓN TÉCNICA DE LA REGIÓN DE AYSÉN DEL GENERAL CARLOS I;Otros;1771237;6
CENTRO DE FORMACIÓN TÉCNICA ESTATAL DE LA REGIÓN DEL BIOBÍO;Otros;1796821;6
CENTRO DE FORMACIÓN TÉCNICA ESTATAL DE LA REGIÓN DEL LIBERTADOR GENERA;Otros;1772424;6
CENTRO DE FORMACIÓN TÉCNICA ESTATAL REGIÓN ARICA Y PARINACOTA;Otros;1741019;6
CENTRO DE INFORMACION DE RECURSOS NATURALES;Gobierno Central, Universidades;7380;2
CENTRO DE REFERENCIA DE SALUD DE MAIPU;Salud;7317;7
CENTRO DE REFERENCIA DE SALUD DE PENALOLEN CORDILLERA ORIENTE;Salud;7136;7
CENTRO DE REFERENCIA DE SALUD HOSPITAL PROVINCIA CORDILLERA;Salud;1530575;7
CENTRO DE SALUD FAMILIAR CESFAM LLAY LLAY;Salud;1688785;7
CENTRO DE SALUD FAMILIAR PUERTO AYSÉN;Otros;1860306;6
CENTRO DE SALUD MENTAL COMUNITARIA SAN FELIPE;Salud;1688789;7
CENTRO IDEACTIVA;Otros;1900447;6
CENTRO METROPOLITANO DE ATENCIÓN PREHOSPITALARIA;Salud;1549752;7
CENTRO ONCOLOGICO DEL NORTE;Salud;1648816;7
CENTRO REFERENCIAL DE SALUD DR SALVADOR ALLENDE GOSSENS;Salud;7373;7
CENTRO SALUD MENTAL COMUNITARIA LOS ANDES;Salud;1688788;7
CESFAM LIRQUEN;Salud;1443597;7
COMANDO DE APOYO A LA FUERZA;Fuerzas Armadas;111870;1
COMISION ADMINISTRADORA DEL SISTEMA DE CREDITOS P. ESTUDIOS SUPERIORES;Gobierno Central, Universidades;192032;2
COMISION DEL SISTEMA NACIONAL DE CERTIFICACION DE COMPETENCIAS LABORALES;Gobierno Central, Universidades;1129189;2
COMISION NACIONAL DE ACREDITACION;Gobierno Central, Universidades;262897;2
COMISION NACIONAL DE RIEGO;Gobierno Central, Universidades;7186;2
COMISION PARA EL MERCADO FINANCIERO;Gobierno Central, Universidades;1309826;2
COMISION PARA EL MERCADO FINANCIERO;Gobierno Central, Universidades;7016;2
COMISIÓN CHILENA DE ENERGÍA NUCLEAR;Gobierno Central, Universidades;7219;2
COMISIÓN CHILENA DEL COBRE - COCHILCO;Gobierno Central, Universidades;7075;2
COMISIÓN NACIONAL DE ENERGÍA;Gobierno Central, Universidades;6938;2
COMISIÓN NACIONAL DE INVESTIGACIÓN CIENTÍFICA Y TECNOLÓGICAS - CONICYT;Gobierno Central, Universidades;7213;2
COMISIÓN PARA LA FIJACIÓN DE REMUNERACIONES;Gobierno Central, Universidades;1999111;2
COMITÉ DE SEGUROS DEL AGRO;Gobierno Central, Universidades;7043;2
COMITÉ SEP;Gobierno Central, Universidades;7057;2
COMPLEJO ASISTENCIAL DR. SOTERO DEL RIO;Salud;7320;7
COMPLEJO ASISTENCIAL DR.VICTOR RIOS RUIZ;Salud;7375;7
CONSEJO DE DEFENSA DEL ESTADO;Gobierno Central, Universidades;6933;2
CONSEJO DE RECTORES DE LAS UNIVERSIDADES CHILENAS;Gobierno Central, Universidades;7224;2
CONSEJO FISCAL AUTONOMO;Otros;1692048;6
CONSEJO NACIONAL DE EDUCACION;Gobierno Central, Universidades;7082;2
CONSEJO NACIONAL DE TELEVISION;Gobierno Central, Universidades;1606467;2
CONSEJO PARA LA TRANSPARENCIA;Gobierno Central, Universidades;1060064;2
CONSEJO RESOLUTIVO DE ASIGNACIONES PARLAMENTARIA;Legislativo y Judicial;1230073;3
CONSULTORIO EXTERNO VALDIVIA;Otros;1802401;6
CONSULTORIO GENERAL N°2 DE LOS ANDES;Salud;1688783;7
CONSULTORIO GENERAL URBANO DR ALEJANDRO GUTIERREZ;Salud;118627;7
CONSULTORIO GENERAL URBANO SAN FELIPE;Salud;1688781;7
CONSULTORIO GENERAL URBANO VICTOR DOMINGO SILVA;Salud;118630;7
CONSULTORIO GENERAL URBANO VIOLETA PARRA;Salud;7144;7
CONSULTORIO MIRAFLORES;Salud;7133;7
CONTRALORIA GENERAL DE LA REPUBLICA;Gobierno Central, Universidades;7231;2
CORP ADMINISTRATIVA DEL PODER JUDICIAL;Legislativo y Judicial;7342;3
CORP CULTURAL DE LA COMUNA DE LA GRANJA;Otros;1885255;6
CORP CULTURAL DE LA MUNICIPALIDAD DE CURICO;Otros;1803819;6
CORP CULTURAL DE LAS CONDES;Otros;1968861;6
CORP CULTURAL DE OSORNO;Otros;1812443;6
CORP DE ASISTENCIA JUDICIAL DE LA REGION DE VALPARAISO;Gobierno Central, Universidades;7235;2
CORP DE ASISTENCIA JUDICIAL DE LAS REG T;Legislativo y Judicial;272303;3
CORP DE DESARROLLO SOCIAL DE PROVIDENCIA;Municipalidades;1101613;4
CORP MUNIC EDUC SALUD Y ATENCION;Otros;1799669;6
CORP MUNICIP ANCUD PARA LA EDUCAC SALUD;Otros;1812422;6
CORP MUNICIPAL DE CASTRO PARA LA EDUCACION SALUD Y ATENCION AL MENOR;Municipalidades;1088974;4
CORP MUNICIPAL DE CONCHALI DE EDUCACION SALUD Y ATENCION DE MENORES;Otros;1801813;6
CORP MUNICIPAL DE DESARROLLO SOCIAL DE A;Municipalidades;1111614;4
CORP MUNICIPAL DE DESARROLLO SOCIAL DE CALERA DE TANGO;Otros;1812146;6
CORP MUNICIPAL DE DESARROLLO SOCIAL DE IQUIQUE;;1999048;8
CORP MUNICIPAL DE DESARROLLO SOCIAL DE LAMPA;Otros;1803800;6
CORP MUNICIPAL DE DESARROLLO SOCIAL DE NUNOA;Otros;1812426;6
CORP MUNICIPAL DE DESARROLLO SOCIAL DE POZO ALMONTE;Otros;1800776;6
CORP MUNICIPAL DE DESARROLLO SOCIAL DE PUDAHUEL;Otros;1801848;6
CORP MUNICIPAL DE DESARROLLO SOCIAL DE SN JOAQUIN;Municipalidades;1246426;4
CORP MUNICIPAL DE EDUC SALUD CULTURA Y RECREACION DE LA FLORIDA;Municipalidades;7105;4
CORP MUNICIPAL DE EDUCACION Y SAL;Otros;1800773;6
CORP MUNICIPAL DE EDUCACION Y SERVICIOS RAMON FREIRE;;1971712;8
CORP MUNICIPAL DE ISLA DE MAIPO PARA L;Municipalidades;1145766;4
CORP MUNICIPAL DE PANGUIPULLI;Municipalidades;7483;4
CORP MUNICIPAL DE PUNTA ARENAS PARA LA EDUCACION SALUD Y AT AL MENOR;Otros;1820891;6
CORP MUNICIPAL DE PUQUELDON PARA LA EDUC;;2010501;8
CORP MUNICIPAL DE QUINCHAO PARA LA EDUC SALUD Y ATENCION AL MENOR;Otros;1954534;6
CORP MUNICIPAL DE RENCA;Otros;1820898;6
CORP MUNICIPAL DE SAN MIGUEL;Municipalidades;1232694;4
CORP MUNICIPAL DE SERVICIOS PUBLICOS TRASPASADOS DE RANCAGUA;Municipalidades;1109551;4
CORP MUNICIPAL DE SERVICIOS Y DESARROLLO;Municipalidades;1035946;4
CORP MUNICIPAL DE VALPARAISO PARA EL DESARROLLO SOCIAL;Otros;1396697;6
CORP MUNICIPAL DEL DEPORTE QUINTA NORMAL;Otros;1818190;6
CORP MUNICIPAL MELIPILLA PARA LA ED SALUD;Municipalidades;1244947;4
CORP MUNICIPAL PARA EL DESARROLLO SOCIAL;Otros;1803814;6
CORP MUNICIPAL SAN FERNANDO PARA LA ATENCION MENORES Y LAS A DE E Y S;Otros;1801205;6
CORP NACIONAL DE DESARROLLO INDIGENA;Gobierno Central, Universidades;7183;2
CORP NACIONAL FORESTAL;Gobierno Central, Universidades;6924;2
CORP.MUNICIPAL GABRIEL GONZALEZ VIDELA DE LA SERENA;Otros;1344662;6
CORPORACION ALDEA DEL ENCUENTRO DE LA REINA;Otros;1824379;6
CORPORACION CULTURA Y PATRIMONIO SAN BERNARDO;Otros;1838115;6
CORPORACION CULTURAL DE LA COMUNA DE LA PINTANA;Otros;1801803;6
CORPORACION CULTURAL DE LA ILUSTRE MUNICIPALIDAD DE VALDIVIA;Otros;1869227;6
CORPORACION CULTURAL DE LA MUNICIPALIDAD DE PICHIDEGUA;Otros;1890406;6
CORPORACION CULTURAL DE LA REINA;Otros;1824375;6
CORPORACION CULTURAL DE LO BARNECHEA;Otros;1874800;6
CORPORACION CULTURAL DE MOSTAZAL;Otros;1869554;6
CORPORACION CULTURAL DE PADRE LAS CASAS;Otros;1828373;6
CORPORACION CULTURAL DE PENALOLEN;Otros;1814748;6
CORPORACION CULTURAL DE VITACURA;Otros;1821127;6
CORPORACION CULTURAL ESTACION CENTRAL;Otros;1830896;6
CORPORACION CULTURAL ILUSTRE MUNICIPALIDAD DE RAUCO;Otros;1821133;6
CORPORACION CULTURAL MUNICIPAL DE ANCUD;Otros;1823674;6
CORPORACION CULTURAL MUNICIPAL DE COYHAIQUE;Otros;1867770;6
CORPORACION CULTURAL MUNICIPAL DE LA COMUNA DE CHILLAN;Otros;1883625;6
CORPORACION CULTURAL MUNICIPAL DE LOS ANGELES;Otros;1901623;6
CORPORACION CULTURAL MUNICIPAL DE NACIMIENTO;Otros;1934663;6
CORPORACION CULTURAL MUNICIPAL DE VICUNA;Otros;1817994;6
CORPORACION CULTURAL MUNICIPAL Y DE DESARROLLO SOCIO AMBIENTAL DE HUASCO;Otros;1888500;6
CORPORACION CULTURAL SOCIAL Y DEPORTIVA MUNICIPAL DE QUILICURA;Otros;1821131;6
CORPORACION CULTURAL Y DE EXTENSION DE LA ILUSTRE MUNICIPALIDAD DE CONSTITUCION;Otros;1830901;6
CORPORACION CULTURAL Y DE TURISMO MUNICIPAL DE PELARCO;Otros;1952109;6
CORPORACION DE ASISTENCIA JUDICIAL DE LA REGION DEL BIO BIO;Gobierno Central, Universidades;7354;2
CORPORACION DE DEPORTES DE ESTACION CENTRAL;Otros;1830859;6
CORPORACION DE DEPORTES DE LA ILUSTRE MUNICIPALIDAD DE TENO;Otros;1828257;6
CORPORACION DE DEPORTES DE LA MUNICIPALIDAD DE CURICO;Otros;1803806;6
CORPORACION DE DEPORTES DE LA MUNICIPALIDAD DE RAUCO;Otros;1821135;6
CORPORACION DE DEPORTES DE PADRE HURTADO;Otros;1801801;6
CORPORACION DE DESARROLLO DE LA COMUNA DE SAN VICENTE;Otros;1842551;6
CORPORACION DE DESARROLLO DE MAGALLANES Y DE LA ANTARTICA CHILENA - CO;;2007448;8
CORPORACION DE DESARROLLO DE TALCA;Otros;1817964;6
CORPORACION DE DESARROLLO E INNOVACION DE LA ILUSTRE MUNICIPALIDAD DE;Otros;1765161;6
CORPORACION DE DESARROLLO SOCIAL DE BUIN;Otros;1854165;6
CORPORACION DE DESARROLLO TERRITORIAL Y TURISMO DE LA REGION METROPOLITANA;;2004025;8
CORPORACION DE FOMENTO DE DESARROLLO COMUNAL Y PRODUCTIVO;Otros;1859922;6
CORPORACION DE FOMENTO DE LA PRODUCCION;Gobierno Central, Universidades;6942;2
CORPORACION DE LA CULTURA Y LAS ARTES DE LA ILUSTRE MUNICIPALIDAD DE R;Otros;1727682;6
CORPORACION DEL DEPORTE DE LA FLORIDA;Otros;1824117;6
CORPORACION DEL DEPORTE DE PICHIDEGUA;Otros;1883882;6
CORPORACION MUNIC DE EDUC SALUD ATENCION;Municipalidades;1163882;4
CORPORACION MUNICIPAL  DE DEPORTES  DE SAN CLEMENTE;Otros;1821972;6
CORPORACION MUNICIPAL CLUB DE LA REINA SOCIAL DEPORTIVO Y RECREACIONAL;Otros;1824396;6
CORPORACION MUNICIPAL CULTURAL DE MUSEO DE BELLAS ARTES DE VALPARAISO;Otros;1914839;6
CORPORACION MUNICIPAL DE CREACION Y DESARROLLO DE LOS LAGOS;Otros;1868957;6
CORPORACION MUNICIPAL DE CULTURA DE SAN JOAQUIN;Otros;1806860;6
CORPORACION MUNICIPAL DE CULTURA DE TALCA;Otros;1818181;6
CORPORACION MUNICIPAL DE CULTURA DE TILTIL;Otros;1848096;6
CORPORACION MUNICIPAL DE CULTURA TURISMO Y PATRIMONIO  DE LA COMUNA DE NATALES;Otros;1867218;6
CORPORACION MUNICIPAL DE CULTURA Y ARTES DE MOLINA;Otros;1818076;6
CORPORACION MUNICIPAL DE CULTURA Y TURISMO DE LA COMUNA DE QUINTERO;Otros;1806052;6
CORPORACION MUNICIPAL DE DEPORTE DE TALCA;Otros;1818175;6
CORPORACION MUNICIPAL DE DEPORTES DE IQUIQUE;Otros;1897431;6
CORPORACION MUNICIPAL DE DEPORTES DE LA COMUNA DE ARAUCO;Otros;1828277;6
CORPORACION MUNICIPAL DE DEPORTES DE LA PINTANA;Otros;1805043;6
CORPORACION MUNICIPAL DE DEPORTES DE NATALES;Otros;1838326;6
CORPORACION MUNICIPAL DE DEPORTES DE PADRE LAS CASAS;Otros;1835219;6
CORPORACION MUNICIPAL DE DEPORTES DE PUENTE ALTO;Otros;1803817;6
CORPORACION MUNICIPAL DE DEPORTES DE RANCAGUA;Otros;1811051;6
CORPORACION MUNICIPAL DE DEPORTES Y DESARROLLO SOCIAL DE LA COMUNA DE QUINTERO;Otros;1820132;6
CORPORACION MUNICIPAL DE DEPORTES Y RECREACION DE ILLAPEL;Otros;1898385;6
CORPORACION MUNICIPAL DE DEPORTES Y RECREACION DE LA REINA;Otros;1824391;6
CORPORACION MUNICIPAL DE DEPORTES Y RECREACION DE MOLINA;Otros;1818063;6
CORPORACION MUNICIPAL DE DEPORTES Y RECREACION DE PARRAL;;2012222;8
CORPORACION MUNICIPAL DE DEPORTES Y RECREACION DE PENALOLEN;Otros;1841838;6
CORPORACION MUNICIPAL DE DEPORTES Y RECREACION DE TEMUCO;Otros;1812445;6
CORPORACION MUNICIPAL DE DEPORTES Y RECREACION LOS ANDES;Otros;1820893;6
CORPORACION MUNICIPAL DE DEPORTES Y RECREACION SAN JAVIER DE LONCOMILLA;Otros;1823988;6
CORPORACION MUNICIPAL DE DEPORTES Y RECREACIÓN DE ANTOFAGASTA;Otros;1821120;6
CORPORACION MUNICIPAL DE DEPORTES Y RECREACIÓN DE LA COMUNA DE SAN PEDRO DE ATACAMA;Otros;1872501;6
CORPORACION MUNICIPAL DE DESARROLLO COMUNAL Y PRODUCTIVO DE LICANTEN;Otros;1860947;6
CORPORACION MUNICIPAL DE DESARROLLO ECONOMICO CULTURA Y DEPORTES DE RE;Otros;1820894;6
CORPORACION MUNICIPAL DE DESARROLLO SOCIAL DE MACUL;Otros;1856940;6
CORPORACION MUNICIPAL DE EDUCACION Y SALUD DE SAN BERNARDO;Municipalidades;1033466;4
CORPORACION MUNICIPAL DE EDUCACION,SALUD,CULTURA Y ATENCION AL MENOR,;Municipalidades;1110112;4
CORPORACION MUNICIPAL DE FOMENTO   PRODUCTIVO DE ARICA;Otros;1820138;6
CORPORACION MUNICIPAL DE FOMENTO AL DESARROLLO COMUNAL Y PRODUCTIVO DE;;2010505;8
CORPORACION MUNICIPAL DE FOMENTO AL DESARROLLO COMUNAL Y PRODUCTIVO DE LA FLORIDA;Otros;1823994;6
CORPORACION MUNICIPAL DE FOMENTO AL DESARROLLO ECONOMICO Y PRODUCTIVO;Otros;1803812;6
CORPORACION MUNICIPAL DE INNOVACION Y DESARROLLO ECONOMICO Y SOCIAL DE SAN JOAQUIN;Otros;1830904;6
CORPORACION MUNICIPAL DE ISLA DE PASCUA;Otros;1828390;6
CORPORACION MUNICIPAL DE LA CULTURA Y LAS ARTES DE SAN ANTONIO;Otros;1891528;6
CORPORACION MUNICIPAL DE LAS ARTES Y LA CULTURA DE RIO CLARO;Otros;1838550;6
CORPORACION MUNICIPAL DE MARÍA PINTO;Otros;1842168;6
CORPORACION MUNICIPAL DE PENALOLEN PARA EL DESARROLO SOCIAL CORMUP;Municipalidades;1034640;4
CORPORACION MUNICIPAL DE TURISMO DE PAIHUANO;Otros;1871766;6
CORPORACION MUNICIPAL DE TURISMO VICUNA;Otros;1820124;6
CORPORACION MUNICIPAL DEL ARTE Y LA CULTURA DE TALAGANTE;Otros;1920941;6
CORPORACION MUNICIPAL DEL DEPORTE DE LAMPA;Otros;1812428;6
CORPORACION MUNICIPAL PARA EL DESARROLLO COMUNAL SOL DE ATACAMA;Otros;1812413;6
CORPORACION MUNICIPAL PARA EL DESARROLLO CULTURAL DE TEMUCO;Otros;1801817;6
CORPORACION MUNICIPAL VINA DEL MAR PARA EL DESARROLLO SOCIAL;Municipalidades;1128653;4
CORPORACION MUNICIPALIDAD DE DEPORTES DE LA ILUSTRE MUNICIPALIDAD DE CONSTITUCION;Otros;1834956;6
CORPORACION PARA EL ESTUDIO, DESARROLLO Y PROMOCION DE LA ECONOMIA;Otros;1848117;6
CORPORACION REGIONAL DE DESARROLLO PRODUCTIVO DE LA REGION DE LOS RIOS;;2004018;8
CORPORACION REGIONAL DE DESARROLLO PRODUCTIVO DE LA REGION DEL MAULE;;2004021;8
CORPORACION REGIONAL DE TURISMO DE LA REGION DE VALPARAISO;;2004027;8
CORPORACION SOCIAL Y CULTURA DE CONCEPCION - SEMCO;Otros;1828274;6
CORPORACION TEATRO REGIONAL DEL BIO-BIO;;2013096;8
CORPORACIÓN COMUNAL DE DESARROLLO QUINTA NORMAL;Otros;1818194;6
CORPORACIÓN CULTURAL DE ANTOFAGASTA;Otros;1941868;6
CORPORACIÓN CULTURAL DE CANELA;Otros;1860179;6
CORPORACIÓN CULTURAL DE LA FLORIDA;Otros;1818198;6
CORPORACIÓN CULTURAL DE LA I. MUNICIPALIDAD DE ROMERAL;Otros;1820927;6
CORPORACIÓN CULTURAL DE LA ILUSTRE MUNICIPALIDAD DE TENO;Otros;1820903;6
CORPORACIÓN CULTURAL DE LAMPA;Otros;1860204;6
CORPORACIÓN CULTURAL DE ÑUÑOA;;2012223;8
CORPORACIÓN CULTURAL MUNICIPAL DE LONCOCHE;Otros;1854693;6
CORPORACIÓN CULTURAL MUNICIPAL DE OVALLE;Otros;1861543;6
CORPORACIÓN CULTURAL MUNICIPAL DE PUENTE ALTO;Otros;1801849;6
CORPORACIÓN CULTURAL MUNICIPAL DE SAN JAVIER DE LONCOMILLA;Otros;1860198;6
CORPORACIÓN CULTURAL MUNICIPALIDAD DEL MAULE;Otros;1812451;6
CORPORACIÓN DE ASISTENCIA JUDICIAL RM;Gobierno Central, Universidades;7152;2
CORPORACIÓN DE CULTURA ISLA DE MAIPO;Otros;1806878;6
CORPORACIÓN DE CULTURA Y PATRIMONIO DE INDEPENDENCIA;Otros;1818099;6
CORPORACIÓN DE DEPORTES DE LA MUNICIPALIDAD DE LNDEPENDENCIA;Otros;1818015;6
CORPORACIÓN DE DEPORTES Y RECREACIÓN DE LA MUNICIPALIDAD DE AYSÉN;Otros;1872383;6
CORPORACIÓN DE DESARROLLO DE LA REINA;Otros;1808595;6
CORPORACIÓN DE DESARROLLO SOCIAL DE LA MUNICIPALIDAD DE INDEPENDENCIA;Otros;1818102;6
CORPORACIÓN DE ECUACIÓN, SALUD Y MENORES DE PUERTO NATALES;Municipalidades;1085182;4
CORPORACIÓN DE EDUCACIÓN Y SALUD DE LAS CONDES;Municipalidades;1122214;4
CORPORACIÓN DEL DEPORTE E INCLUSIÓN SOCIAL DE LA ILUSTRE MUNICIPALIDAD DE CERRO NAVIA;Otros;1820963;6
CORPORACIÓN DESARROLLA BIOBÍO;;1999101;8
CORPORACIÓN MUNICIPAL CURACO DE VÉLEZ;Otros;1803787;6
CORPORACIÓN MUNICIPAL DE ADMINISTRACIÓN SITIO PATRIMONIO MUNDIAL ÁREA;Otros;1883967;6
CORPORACIÓN MUNICIPAL DE CULTURA DE PAINE;Otros;1801799;6
CORPORACIÓN MUNICIPAL DE CULTURA DE SAN CLEMENTE;Otros;1817980;6
CORPORACIÓN MUNICIPAL DE CULTURA Y DEPORTES DE RECOLETA;Otros;1818082;6
CORPORACIÓN MUNICIPAL DE DEPORTE  DE VITACURA;Otros;1808599;6
CORPORACIÓN MUNICIPAL DE DEPORTE DE ROMERAL;Otros;1820930;6
CORPORACIÓN MUNICIPAL DE DEPORTE DE SALAMANCA;Otros;1809257;6
CORPORACIÓN MUNICIPAL DE DEPORTE Y RECREACIÓN DE ZAPALLAR;Otros;1801806;6
CORPORACIÓN MUNICIPAL DE DEPORTES DE CALDERA;Otros;1818071;6
CORPORACIÓN MUNICIPAL DE DEPORTES DE COLINA;Otros;1820205;6
CORPORACIÓN MUNICIPAL DE DEPORTES DE LO PRADO;Otros;1939696;6
CORPORACIÓN MUNICIPAL DE DEPORTES DE MAULE;Otros;1812754;6
CORPORACIÓN MUNICIPAL DE DEPORTES DE SAN JOAQUÍN;Otros;1817947;6
CORPORACIÓN MUNICIPAL DE DEPORTES DE ÑUÑOA;Otros;1873179;6
CORPORACIÓN MUNICIPAL DE DEPORTES Y RECREACIÓN CALAMA;Otros;1803788;6
CORPORACIÓN MUNICIPAL DE DEPORTES Y RECREACIÓN COYHAIQUE;Otros;1872408;6
CORPORACIÓN MUNICIPAL DE DEPORTES Y RECREACIÓN DE RECOLETA;Otros;1820967;6
CORPORACIÓN MUNICIPAL DE DEPORTES Y RECREACIÓN PANGUIPULLI;Otros;1855963;6
CORPORACIÓN MUNICIPAL DE DEPORTES Y RECREACIÓN TALCAHUANO;Otros;1801851;6
CORPORACIÓN MUNICIPAL DE DESARROLLO PRODUCTIVO Y TURISMO DE MOLINA;Otros;1818200;6
CORPORACIÓN MUNICIPAL DE DESARROLLO SOCIAL DE CALAMA;Otros;1818178;6
CORPORACIÓN MUNICIPAL DE DESARROLLO SOCIAL DE COLINA;Municipalidades;17890;4
CORPORACIÓN MUNICIPAL DE DESARROLLO SOCIAL DE LOS MUERMOS;Otros;1818087;6
CORPORACIÓN MUNICIPAL DE DESARROLLO, DE LA CULTURA Y EL TURISMO DE CALBUCO;Otros;1860073;6
CORPORACIÓN MUNICIPAL DE EDUCACIÓN, SALUD Y ATENCIÓN DE MENORES CHONCHI;Otros;1860541;6
CORPORACIÓN MUNICIPAL DE INNOVACIÓN Y DESARROLLO ECONÓMICO Y SOCIAL DE RECOLETA;Otros;1820964;6
CORPORACIÓN MUNICIPAL DE LA CULTURA Y LAS ARTES DE ILLAPEL;Otros;1898391;6
CORPORACIÓN MUNICIPAL DE LO PRADO;Otros;1803791;6
CORPORACIÓN MUNICIPAL DE QUELLÓN;Otros;1881397;6
CORPORACIÓN MUNICIPAL DE SAN JOSÉ DE MAIPO;Otros;1870989;6
CORPORACIÓN MUNICIPAL PUEBLITO DE LAS VIZCACHAS;Otros;1806867;6
CORPORACIÓN PARA EL DESARROLLO DE LA PROVINCIA DE OSORNO;Otros;1817958;6
CORPORACIÓN YUNUS;Otros;1799808;6
CUERPO DE BOMBEROS METROPOLITANO SUR;Otros;1571884;6
CÁMARA DE DIPUTADOS DE CHILE;Legislativo y Judicial;156657;3
DEFENSA CIVIL DE CHILE;Gobierno Central, Universidades;7129;2
DEFENSORIA DE LOS DERECHOS DE LA NIÑEZ;Gobierno Central, Universidades;1625610;2
DEFENSORIA PENAL PUBLICA;Gobierno Central, Universidades;7034;2
DEFENSORÍA DEL CONTRIBUYENTE;Otros;1806732;6
DELEGACIÓN PRESIDENCIAL PROVINCIAL DE ARAUCO;Gobierno Central, Universidades;7450;2
DELEGACIÓN PRESIDENCIAL PROVINCIAL DE AYSÉN;Gobierno Central, Universidades;7059;2
DELEGACIÓN PRESIDENCIAL PROVINCIAL DE CAPITÁN PRAT;Gobierno Central, Universidades;7134;2
DELEGACIÓN PRESIDENCIAL PROVINCIAL DE CARDENAL CARO;Gobierno Central, Universidades;7387;2
DELEGACIÓN PRESIDENCIAL PROVINCIAL DE CAUQUENES;Gobierno Central, Universidades;7281;2
DELEGACIÓN PRESIDENCIAL PROVINCIAL DE CHACABUCO;Gobierno Central, Universidades;7271;2
DELEGACIÓN PRESIDENCIAL PROVINCIAL DE CHAÑARAL;Gobierno Central, Universidades;7155;2
DELEGACIÓN PRESIDENCIAL PROVINCIAL DE CHILOÉ;Gobierno Central, Universidades;7499;2
DELEGACIÓN PRESIDENCIAL PROVINCIAL DE CHOAPA;Gobierno Central, Universidades;7286;2
DELEGACIÓN PRESIDENCIAL PROVINCIAL DE COLCHAGUA;Gobierno Central, Universidades;7376;2
DELEGACIÓN PRESIDENCIAL PROVINCIAL DE CORDILLERA;Gobierno Central, Universidades;7284;2
DELEGACIÓN PRESIDENCIAL PROVINCIAL DE CURICÓ;Gobierno Central, Universidades;7263;2
DELEGACIÓN PRESIDENCIAL PROVINCIAL DE EL LOA;Gobierno Central, Universidades;7237;2
DELEGACIÓN PRESIDENCIAL PROVINCIAL DE GENERAL CARRERA;Gobierno Central, Universidades;7309;2
DELEGACIÓN PRESIDENCIAL PROVINCIAL DE HUASCO;Gobierno Central, Universidades;7150;2
DELEGACIÓN PRESIDENCIAL PROVINCIAL DE ISLA DE PASCUA;Gobierno Central, Universidades;135959;2
DELEGACIÓN PRESIDENCIAL PROVINCIAL DE ITATA;Gobierno Central, Universidades;1640450;2
DELEGACIÓN PRESIDENCIAL PROVINCIAL DE LA ANTÁRTICA CHILENA;Gobierno Central, Universidades;7148;2
DELEGACIÓN PRESIDENCIAL PROVINCIAL DE LIMARÍ;Gobierno Central, Universidades;7037;2
DELEGACIÓN PRESIDENCIAL PROVINCIAL DE LINARES;Gobierno Central, Universidades;7282;2
DELEGACIÓN PRESIDENCIAL PROVINCIAL DE MAIPO;Gobierno Central, Universidades;7253;2
DELEGACIÓN PRESIDENCIAL PROVINCIAL DE MALLECO;Gobierno Central, Universidades;7275;2
DELEGACIÓN PRESIDENCIAL PROVINCIAL DE MARGA MARGA;Gobierno Central, Universidades;1163597;2
DELEGACIÓN PRESIDENCIAL PROVINCIAL DE MELIPILLA;Gobierno Central, Universidades;7056;2
DELEGACIÓN PRESIDENCIAL PROVINCIAL DE OSORNO;Gobierno Central, Universidades;7283;2
DELEGACIÓN PRESIDENCIAL PROVINCIAL DE PALENA;Gobierno Central, Universidades;7252;2
DELEGACIÓN PRESIDENCIAL PROVINCIAL DE PARINACOTA;Gobierno Central, Universidades;7350;2
DELEGACIÓN PRESIDENCIAL PROVINCIAL DE PETORCA;Gobierno Central, Universidades;7420;2
DELEGACIÓN PRESIDENCIAL PROVINCIAL DE PUNILLA;Gobierno Central, Universidades;1645890;2
DELEGACIÓN PRESIDENCIAL PROVINCIAL DE QUILLOTA;Gobierno Central, Universidades;7346;2
DELEGACIÓN PRESIDENCIAL PROVINCIAL DE SAN ANTONIO;Gobierno Central, Universidades;111119;2
DELEGACIÓN PRESIDENCIAL PROVINCIAL DE SAN FELIPE DE ACONCAGUA;Gobierno Central, Universidades;7495;2
DELEGACIÓN PRESIDENCIAL PROVINCIAL DE TALAGANTE;Gobierno Central, Universidades;7055;2
DELEGACIÓN PRESIDENCIAL PROVINCIAL DE TIERRA DEL FUEGO;Gobierno Central, Universidades;7381;2
DELEGACIÓN PRESIDENCIAL PROVINCIAL DE TOCOPILLA;Gobierno Central, Universidades;7063;2
DELEGACIÓN PRESIDENCIAL PROVINCIAL DE ÚLTIMA ESPERANZA;Gobierno Central, Universidades;7264;2
DELEGACIÓN PRESIDENCIAL PROVINCIAL DEL BIOBÍO;Gobierno Central, Universidades;7140;2
DELEGACIÓN PRESIDENCIAL PROVINCIAL DEL RANCO;Gobierno Central, Universidades;269793;2
DELEGACIÓN PRESIDENCIAL PROVINCIAL DEL TAMARUGAL;Gobierno Central, Universidades;275314;2
DELEGACIÓN PRESIDENCIAL REGIONAL DE ANTOFAGASTA;Gobierno Central, Universidades;7204;2
DELEGACIÓN PRESIDENCIAL REGIONAL DE ARICA Y PARINACOTA;Gobierno Central, Universidades;270727;2
DELEGACIÓN PRESIDENCIAL REGIONAL DE ATACAMA;Gobierno Central, Universidades;7115;2
DELEGACIÓN PRESIDENCIAL REGIONAL DE AYSÉN DEL GENERAL CARLOS IBÁÑEZ DE;Gobierno Central, Universidades;7229;2
DELEGACIÓN PRESIDENCIAL REGIONAL DE COQUIMBO;Gobierno Central, Universidades;7236;2
DELEGACIÓN PRESIDENCIAL REGIONAL DE LA ARAUCANÍA;Gobierno Central, Universidades;7220;2
DELEGACIÓN PRESIDENCIAL REGIONAL DE LOS LAGOS;Gobierno Central, Universidades;7215;2
DELEGACIÓN PRESIDENCIAL REGIONAL DE LOS RÍOS;Gobierno Central, Universidades;270726;2
DELEGACIÓN PRESIDENCIAL REGIONAL DE MAGALLANES Y DE LA ANTÁRTICA CHILE;Gobierno Central, Universidades;7214;2
DELEGACIÓN PRESIDENCIAL REGIONAL DE TARAPACÁ;Gobierno Central, Universidades;7234;2
DELEGACIÓN PRESIDENCIAL REGIONAL DE VALPARAÍSO;Gobierno Central, Universidades;7196;2
DELEGACIÓN PRESIDENCIAL REGIONAL DE ÑUBLE;Gobierno Central, Universidades;1636371;2
DELEGACIÓN PRESIDENCIAL REGIONAL DEL BIOBÍO;Gobierno Central, Universidades;7226;2
DELEGACIÓN PRESIDENCIAL REGIONAL DEL LIBERTADOR BERNARDO  O´HIGGINS;Gobierno Central, Universidades;7201;2
DELEGACIÓN PRESIDENCIAL REGIONAL DEL MAULE;Gobierno Central, Universidades;7225;2
DELEGACIÓN PRESIDENCIAL REGIONAL METROPOLITANA DE SANTIAGO;Gobierno Central, Universidades;7195;2
DEPARTAMENTO DE SALUD PARRAL;Salud;7299;7
DIRECCION DE ABASTECIMIENTO DE LA ARMADA;Fuerzas Armadas;111875;1
DIRECCION DE COMPRAS Y CONTRATACION PUBLICA;Gobierno Central, Universidades;6945;2
DIRECCION DE EDUCACION PUBLICA;Gobierno Central, Universidades;1593363;2
DIRECCION DE LOGISTICA DE CARABINEROS;Fuerzas Armadas;113812;1
DIRECCION DE PRESUPUESTOS MINISTERIO DE;Gobierno Central, Universidades;7012;2
DIRECCION DEL TRABAJO;Gobierno Central, Universidades;7000;2
DIRECCION GENERAL DE AERONAUTICA CIVIL;Gobierno Central, Universidades;7202;2
DIRECCION GENERAL DE GENDARMERIA DE CHIL;Gobierno Central, Universidades;6925;2
DIRECCION GENERAL DE MOVILIZACIONN NACIONAL;Fuerzas Armadas;7127;1
DIRECCION GENERAL DE PROMOCION DE EXPORTACIONES;Gobierno Central, Universidades;1674056;2
DIRECCION GENERAL DEL CREDITO PRENDARIO;Gobierno Central, Universidades;7209;2
DIRECCION NACIONAL DEL SERVICIO CIVIL;Gobierno Central, Universidades;7371;2
DIRECCION PREVISION DE CARABINEROS DE CHILE;Gobierno Central, Universidades;6927;2
DIRECCION SALUD RURAL;Salud;118628;7
DIRECCION SERVICIO DE SALUD TALCAHUANO;Salud;7295;7
DIRECCION SERVICIO SALUD METROPOLITANO O;Salud;7272;7
DIRECCIÓN DE RELACIONES ECONÓMICAS;Gobierno Central, Universidades;7010;2
DIRECCIÓN NACIONAL DE FRONTERAS Y LÍMITES DEL ESTADO;Gobierno Central, Universidades;7187;2
DR. VICTOR HUGO MOLL DE CABILDO;Salud;7491;7
EMPRESA DE LOS FERROCARRILES DEL ESTADO;Otros;1743886;6
EMPRESA DE TRANSPORTE DE PASAJEROS METRO S A;Otros;7074;6
EMPRESA NACIONAL DE MINERÍA;Otros;6961;6
EMPRESA PORTUARIA ANTOFAGASTA;Otros;1069779;6
EMPRESA PORTUARIA COQUIMBO;Otros;1902809;6
EMPRESA PORTUARIA IQUIQUE;Otros;7493;6
ESTADO MAYOR CONJUNTO;Fuerzas Armadas;7266;1
FISCALIA NACIONAL ECONOMICA;Gobierno Central, Universidades;7076;2
FONDO DE SOLIDARIDAD E INVERSION SOCIAL;Gobierno Central, Universidades;7182;2
FONDO HOSPITAL DE LA DIRECCION DE PREVISION DE CARABINEROS DE CHILE;Fuerzas Armadas;220665;1
FONDO NACIONAL DE SALUD;Salud;6954;7
FUERZA AEREA DE CHILE COMANDO LOGISTICO;Fuerzas Armadas;6946;1
FUND DE COMUNICACIONES CAPACITACION Y CULTURA DEL AGRO;Otros;1699238;6
FUND NACIONAL DE ORQUESTAS JUVENILES E INFANTILES DE CHILE;Otros;1090451;6
FUND PARA LA PROMOCION Y DESARROLLO DE LA MUJER;Otros;1110944;6
FUND TIEMPOS NUEVOS;Otros;1513502;6
FUNDACION CHILE;Otros;1288587;6
FUNDACION CHILENA DEL PACIFICO;;2020989;8
FUNDACION CULTURAL DE SIERRA GORDA;Otros;1828266;6
FUNDACION EDUCACIONAL PARA EL DESAROLLO INTEGRAL DE LA NIÑEZ;Otros;1172700;6
FUNDACION IMAGEN DE CHILE;Otros;1976169;6
FUNDACION MUNICIPAL DE CULTURA DE PROVIDENCIA;Otros;1824423;6
FUNDACION PARA EL DESARROLLO DE LA CULTURA Y LAS ARTES DE LA COMUNA DE;Otros;1812266;6
FUNDACION PARA EL DESARROLLO DEL DEPORTE Y LA RECREACION DE LA COMUNA;Otros;1818207;6
FUNDACION TEATRO MUNICIPAL DE LAS CONDES;Otros;1857193;6
FUNDACION TODO CHILENTER;Otros;1503663;6
FUNDACIÓN DE LAS FAMILIAS;Otros;1094591;6
FUNDACIÓN NACIONAL PARA LA SUPERACIÓN DE LA POBREZA;Otros;299765;6
FUNDACIÓN PARA LA INNOVACIÓN AGRARIA;Otros;1736867;6
GOBERNACION DE CAUTIN;Gobierno Central, Universidades;7061;2
GOBERNACION PROVINCIAL DE CACHAPOAL;Gobierno Central, Universidades;7379;2
GOBERNACION PROVINCIAL DE COYHAIQUE;Gobierno Central, Universidades;7292;2
GOBERNACION PROVINCIAL DE IQUIQUE;Gobierno Central, Universidades;7349;2
GOBERNACION PROVINCIAL DE LOS ANDES;Gobierno Central, Universidades;7009;2
GOBERNACION PROVINCIAL DE MAGALLANES;Gobierno Central, Universidades;7484;2
GOBERNACION PROVINCIAL DE TALCA;Gobierno Central, Universidades;7269;2
GOBERNACION PROVINCIAL DE VALDIVIA;Gobierno Central, Universidades;7322;2
GOBERNACION PROVINCIAL DE VALPARAISO;Gobierno Central, Universidades;7352;2
GOBERNACION PROVINCIAL DIGUILLIN;Gobierno Central, Universidades;1641148;2
GOBERNACIÓN PROVINCIA DE ELQUI;Gobierno Central, Universidades;7347;2
GOBERNACIÓN PROVINCIAL DE ARICA;Gobierno Central, Universidades;7357;2
GOBERNACIÓN PROVINCIAL DE CONCEPCIÓN;Gobierno Central, Universidades;7300;2
GOBERNACIÓN PROVINCIAL DE COPIAPÓ;Gobierno Central, Universidades;7145;2
GOBERNACIÓN PROVINCIAL DE LLANQUIHUE;Gobierno Central, Universidades;7267;2
GOBERNACIÓN PROVINCIAL DE ÑUBLE;Gobierno Central, Universidades;7142;2
GOBIERNO REGIONAL DE ANTOFAGASTA;Gobierno Central, Universidades;7199;2
GOBIERNO REGIONAL DE ARICA-PARINACOTA;Gobierno Central, Universidades;267965;2
GOBIERNO REGIONAL DE ATACAMA;Gobierno Central, Universidades;7077;2
GOBIERNO REGIONAL DE AYSEN;Gobierno Central, Universidades;7085;2
GOBIERNO REGIONAL DE LA ARAUCANIA;Gobierno Central, Universidades;7013;2
GOBIERNO REGIONAL DE LA REGION DEL BIO BIO;Gobierno Central, Universidades;7015;2
GOBIERNO REGIONAL DE LOS RIOS;Gobierno Central, Universidades;267799;2
GOBIERNO REGIONAL DE TARAPACA;Gobierno Central, Universidades;7084;2
GOBIERNO REGIONAL DE ÑUBLE;Gobierno Central, Universidades;1630141;2
GOBIERNO REGIONAL DECIMA REGION LOS LAGOS;Gobierno Central, Universidades;7207;2
GOBIERNO REGIONAL IV REGION COQUIMBO;Gobierno Central, Universidades;6940;2
GOBIERNO REGIONAL REGION METROPOLITANA;Gobierno Central, Universidades;7222;2
GOBIERNO REGIONAL V REGION;Gobierno Central, Universidades;7172;2
GOBIERNO REGIONAL VI REGION DEL LI BERTADOR B O"HIGGINS;Gobierno Central, Universidades;7200;2
GOBIERNO REGIONAL VII REGION;Gobierno Central, Universidades;7223;2
GOBIERNO REGIONAL XII REGION MAGALLANES Y ANTARTICA CHILENA;Gobierno Central, Universidades;7087;2
HERMANAS MISIONERAS FRANCISCANAS DE PURULÓN;Otros;103933;6
HOSPITAL  LONQUIMAY;Salud;7403;7
HOSPITAL ADRIANA COUSINO DE QUINTERO;Salud;7348;7
HOSPITAL BASE OSORNO;Salud;7393;7
HOSPITAL CLINICO DE MAGALLANES DR. LAUTARO NAVARRO AVARIA;Salud;7297;7
HOSPITAL CLINICO HERMINDA MARTIN;Salud;7042;7
HOSPITAL CLINICO METROPOLITANO DE LA FLORIDA DOCTORA ELOISA DIAZ;Salud;1375151;7
HOSPITAL CLINICO METROPOLITANO EL CARMEN DOCTOR LUIS VALENTIN FERRADA;Salud;1379869;7
HOSPITAL COMPLEJO ASISTENCIAL PADRE LAS CASAS;Otros;1759990;6
HOSPITAL COMUNITARIO DE SALUD FAMILIAR DE BULNES;Salud;7137;7
HOSPITAL DE ALTO HOSPICIO;Otros;1934667;6
HOSPITAL DE CONSTITUCIÓN;Salud;7277;7
HOSPITAL DE LA FAMILIA Y LA COMUNIDAD SANTO TOMAS DE LIMACHE;Salud;7486;7
HOSPITAL DE LITUECHE;Salud;7439;7
HOSPITAL DE LOLOL;Salud;7447;7
HOSPITAL DE MEJILLONES;Salud;7370;7
HOSPITAL DE MELIPILLA;Salud;7458;7
HOSPITAL DE PETORCA;Salud;7343;7
HOSPITAL DE QUILPUE;Salud;7485;7
HOSPITAL DE URGENCIA ASISTENCIA PUBLICA DR ALEJANDRO DEL RIO;Salud;7460;7
HOSPITAL DEL PERPETUO SOCORRO DE QUILACAHUIN;Salud;1238663;7
HOSPITAL DOCTOR ERNESTO TORRES GALDAMES;Salud;1662264;7
HOSPITAL DOCTOR HERNAN HENRIQUEZ ARAVENA;Salud;7046;7
HOSPITAL DR GUSTAVO FRICKE DE VINA DEL MAR;Salud;6936;7
HOSPITAL DR MARIO SANCHEZ VERGARA LA CALERA;Salud;7344;7
HOSPITAL DR. EDUARDO PEREIRA RAMIREZ;Salud;1470807;7
HOSPITAL DR. MARCOS CHAMORRO IGLESIAS;Salud;7386;7
HOSPITAL FUTA SRÜKA LAWENCHE KUNKO MAPU MO;Salud;1238659;7
HOSPITAL GALVARINO;Salud;7290;7
HOSPITAL GERIATRICO LA PAZ DE LA TARDE;Salud;7490;7
HOSPITAL GUILLERMO GRANT BENAVENTE DE CO;Salud;7324;7
HOSPITAL INTERCULTURAL KALLVU LLANKA.-;Salud;7401;7
HOSPITAL METROPOLITANO DE SANTIAGO;Salud;1076658;7
HOSPITAL ORIENTE DR LUIS TISNE BROUSSE;Salud;7130;7
HOSPITAL PADRE ALBERTO HURTADO;Salud;7331;7
HOSPITAL PROVINCIAL   DEL HUASCO MSR FERNANDO ARIZTIA RUIZ;Salud;7412;7
HOSPITAL PSIQUIATRICO DR. PHILIPPE PINEL PUTAENDO;Salud;1216633;7
HOSPITAL PSIQUIÁTRICO EL PERAL;Salud;7427;7
HOSPITAL PUERTO MONTT SERVICIO DE SALUD DEL RELONCAVI;Salud;127018;7
HOSPITAL SAN AGUSTIN DE LA LIGUA;Salud;7487;7
HOSPITAL SANATORIO SAN JOSÉ DE MAIPO;Salud;7477;7
HOSPITAL SANTA ELISA DE SAN JOSE DE LA MARIQUINA;Salud;1546095;7
HOSPITAL SANTA JUANA;Salud;7318;7
HOSPITAL VILCUN;Salud;7049;7
HOSPITAL VILLARRICA;Salud;7132;7
I MUNICIPALIDAD DE ALGARROBO;Municipalidades;7294;4
I MUNICIPALIDAD DE ALHUE;Municipalidades;111124;4
I MUNICIPALIDAD DE ANCUD;Municipalidades;98452;4
I MUNICIPALIDAD DE ANDACOLLO;Municipalidades;119639;4
I MUNICIPALIDAD DE ANGOL;Municipalidades;100156;4
I MUNICIPALIDAD DE ANTOFAGASTA;Municipalidades;87653;4
I MUNICIPALIDAD DE ANTUCO;Municipalidades;119484;4
I MUNICIPALIDAD DE ARAUCO;Municipalidades;7050;4
I MUNICIPALIDAD DE ARICA;Municipalidades;86624;4
I MUNICIPALIDAD DE AYSEN;Municipalidades;100049;4
I MUNICIPALIDAD DE BUIN;Municipalidades;100090;4
I MUNICIPALIDAD DE BULNES;Municipalidades;118069;4
I MUNICIPALIDAD DE CABILDO;Municipalidades;115459;4
I MUNICIPALIDAD DE CABRERO;Municipalidades;120186;4
I MUNICIPALIDAD DE CALAMA;Municipalidades;86917;4
I MUNICIPALIDAD DE CALBUCO;Municipalidades;115011;4
I MUNICIPALIDAD DE CALDERA;Municipalidades;7364;4
I MUNICIPALIDAD DE CALERA DE TANGO;Municipalidades;116219;4
I MUNICIPALIDAD DE CALLE LARGA;Municipalidades;121539;4
I MUNICIPALIDAD DE CANELA;Municipalidades;84473;4
I MUNICIPALIDAD DE CANETE;Municipalidades;119488;4
I MUNICIPALIDAD DE CARAHUE;Municipalidades;115186;4
I MUNICIPALIDAD DE CARTAGENA;Municipalidades;99569;4
I MUNICIPALIDAD DE CASABLANCA;Municipalidades;113614;4
I MUNICIPALIDAD DE CASTRO;Municipalidades;100127;4
I MUNICIPALIDAD DE CATEMU;Municipalidades;129737;4
I MUNICIPALIDAD DE CAUQUENES;Municipalidades;7351;4
I MUNICIPALIDAD DE CERRILLOS;Municipalidades;7241;4
I MUNICIPALIDAD DE CHAITEN;Municipalidades;114392;4
I MUNICIPALIDAD DE CHANARAL;Municipalidades;109196;4
I MUNICIPALIDAD DE CHANCO;Municipalidades;7501;4
I MUNICIPALIDAD DE CHEPICA;Municipalidades;92414;4
I MUNICIPALIDAD DE CHIGUAYANTE;Municipalidades;100523;4
I MUNICIPALIDAD DE CHILE CHICO;Municipalidades;154782;4
I MUNICIPALIDAD DE CHILLAN;Municipalidades;88254;4
I MUNICIPALIDAD DE CHIMBARONGO;Municipalidades;116404;4
I MUNICIPALIDAD DE CHONCHI;Municipalidades;115168;4
I MUNICIPALIDAD DE CISNES;Municipalidades;116747;4
I MUNICIPALIDAD DE COBQUECURA;Municipalidades;114925;4
I MUNICIPALIDAD DE COCHRANE;Municipalidades;116942;4
I MUNICIPALIDAD DE CODEGUA;Municipalidades;165106;4
I MUNICIPALIDAD DE COELEMU;Municipalidades;116742;4
I MUNICIPALIDAD DE COIHUECO;Municipalidades;7146;4
I MUNICIPALIDAD DE COINCO;Municipalidades;113254;4
I MUNICIPALIDAD DE COLCHANE;Municipalidades;1053458;4
I MUNICIPALIDAD DE COLINA;Municipalidades;99322;4
I MUNICIPALIDAD DE COLLIPULLI;Municipalidades;113853;4
I MUNICIPALIDAD DE COLTAUCO;Municipalidades;119266;4
I MUNICIPALIDAD DE CONCEPCION;Municipalidades;87382;4
I MUNICIPALIDAD DE CONCHALI;Municipalidades;84958;4
I MUNICIPALIDAD DE CONCON;Municipalidades;94458;4
I MUNICIPALIDAD DE CONSTITUCION;Municipalidades;102316;4
I MUNICIPALIDAD DE COPIAPO;Municipalidades;86872;4
I MUNICIPALIDAD DE COQUIMBO;Municipalidades;87901;4
I MUNICIPALIDAD DE CORONEL;Municipalidades;100448;4
I MUNICIPALIDAD DE COYHAIQUE;Municipalidades;7071;4
I MUNICIPALIDAD DE CUNCO;Municipalidades;129738;4
I MUNICIPALIDAD DE CURACAUTIN;Municipalidades;121613;4
I MUNICIPALIDAD DE CURACAVI;Municipalidades;125602;4
I MUNICIPALIDAD DE CURACO DE VELEZ;Municipalidades;114393;4
I MUNICIPALIDAD DE CURANILAHUE;Municipalidades;127036;4
I MUNICIPALIDAD DE CURICO;Municipalidades;87838;4
I MUNICIPALIDAD DE DALCAHUE;Municipalidades;115165;4
I MUNICIPALIDAD DE DONIHUE;Municipalidades;123788;4
I MUNICIPALIDAD DE EL MONTE;Municipalidades;116741;4
I MUNICIPALIDAD DE EL QUISCO;Municipalidades;116298;4
I MUNICIPALIDAD DE EL TABO;Municipalidades;7066;4
I MUNICIPALIDAD DE EMPEDRADO;Municipalidades;116944;4
I MUNICIPALIDAD DE ERCILLA;Municipalidades;132741;4
I MUNICIPALIDAD DE FLORIDA;Municipalidades;115285;4
I MUNICIPALIDAD DE FREIRE;Municipalidades;118089;4
I MUNICIPALIDAD DE FREIRINA;Municipalidades;135567;4
I MUNICIPALIDAD DE FRESIA;Municipalidades;119651;4
I MUNICIPALIDAD DE FRUTILLAR;Municipalidades;84478;4
I MUNICIPALIDAD DE FUTALEUFU;Municipalidades;118068;4
I MUNICIPALIDAD DE FUTRONO;Municipalidades;106880;4
I MUNICIPALIDAD DE GRANEROS;Municipalidades;148507;4
I MUNICIPALIDAD DE HIJUELAS;Municipalidades;116733;4
I MUNICIPALIDAD DE HUALAIHUE;Municipalidades;106170;4
I MUNICIPALIDAD DE HUALANE;Municipalidades;118855;4
I MUNICIPALIDAD DE HUALQUI;Municipalidades;140867;4
I MUNICIPALIDAD DE HUASCO;Municipalidades;116406;4
I MUNICIPALIDAD DE ILLAPEL;Municipalidades;115164;4
I MUNICIPALIDAD DE INDEPENDENCIA;Municipalidades;99105;4
I MUNICIPALIDAD DE IQUIQUE;Municipalidades;87175;4
I MUNICIPALIDAD DE ISLA DE MAIPO;Municipalidades;117181;4
I MUNICIPALIDAD DE ISLA DE PASCUA;Municipalidades;119852;4
I MUNICIPALIDAD DE JUAN FERNANDEZ;Municipalidades;108932;4
I MUNICIPALIDAD DE LA CALERA;Municipalidades;115185;4
I MUNICIPALIDAD DE LA CISTERNA;Municipalidades;100488;4
I MUNICIPALIDAD DE LA COMUNA DE EL BOSQUE;Municipalidades;7496;4
I MUNICIPALIDAD DE LA CRUZ;Municipalidades;113255;4
I MUNICIPALIDAD DE LA ESTRELLA;Municipalidades;165285;4
I MUNICIPALIDAD DE LA FLORIDA;Municipalidades;86766;4
I MUNICIPALIDAD DE LA GRANJA;Municipalidades;112097;4
I MUNICIPALIDAD DE LA HIGUERA;Municipalidades;116410;4
I MUNICIPALIDAD DE LA LIGUA;Municipalidades;100648;4
I MUNICIPALIDAD DE LA PINTANA;Municipalidades;83825;4
I MUNICIPALIDAD DE LA REINA;Municipalidades;7366;4
I MUNICIPALIDAD DE LA UNION;Municipalidades;114725;4
I MUNICIPALIDAD DE LAGO RANCO;Municipalidades;113735;4
I MUNICIPALIDAD DE LAGO VERDE;Municipalidades;123529;4
I MUNICIPALIDAD DE LAGUNA BLANCA;Municipalidades;119999;4
I MUNICIPALIDAD DE LAJA;Municipalidades;116405;4
I MUNICIPALIDAD DE LAMPA;Municipalidades;118067;4
I MUNICIPALIDAD DE LANCO;Municipalidades;106876;4
I MUNICIPALIDAD DE LAS CABRAS;Municipalidades;116296;4
I MUNICIPALIDAD DE LAS CONDES;Municipalidades;86571;4
I MUNICIPALIDAD DE LAS GUAITECAS;Municipalidades;165107;4
I MUNICIPALIDAD DE LAUTARO;Municipalidades;124577;4
I MUNICIPALIDAD DE LEBU;Municipalidades;118096;4
I MUNICIPALIDAD DE LICANTEN;Municipalidades;114398;4
I MUNICIPALIDAD DE LIMACHE;Municipalidades;7492;4
I MUNICIPALIDAD DE LINARES;Municipalidades;86545;4
I MUNICIPALIDAD DE LITUECHE;Municipalidades;7365;4
I MUNICIPALIDAD DE LLANQUIHUE;Municipalidades;7064;4
I MUNICIPALIDAD DE LLAY LLAY;Municipalidades;118072;4
I MUNICIPALIDAD DE LO ESPEJO;Municipalidades;86518;4
I MUNICIPALIDAD DE LO PRADO;Municipalidades;87373;4
I MUNICIPALIDAD DE LOLOL;Municipalidades;113258;4
I MUNICIPALIDAD DE LONCOCHE;Municipalidades;113851;4
I MUNICIPALIDAD DE LONGAVI;Municipalidades;120788;4
I MUNICIPALIDAD DE LONQUIMAY;Municipalidades;119994;4
I MUNICIPALIDAD DE LOS ALAMOS DEPTO COMUNAL;Municipalidades;118620;4
I MUNICIPALIDAD DE LOS ANGELES;Municipalidades;87187;4
I MUNICIPALIDAD DE LOS LAGOS;Municipalidades;7159;4
I MUNICIPALIDAD DE LOS MUERMOS;Municipalidades;7304;4
I MUNICIPALIDAD DE LOS SAUCES;Municipalidades;116408;4
I MUNICIPALIDAD DE LOS VILOS;Municipalidades;116401;4
I MUNICIPALIDAD DE LOTA;Municipalidades;113259;4
I MUNICIPALIDAD DE MAFIL;Municipalidades;115464;4
I MUNICIPALIDAD DE MAIPU;Municipalidades;93619;4
I MUNICIPALIDAD DE MALLOA;Municipalidades;115609;4
I MUNICIPALIDAD DE MARCHIGUE;Municipalidades;115304;4
I MUNICIPALIDAD DE MARIA ELENA;Municipalidades;113738;4
I MUNICIPALIDAD DE MARIA PINTO;Municipalidades;120798;4
I MUNICIPALIDAD DE MARIQUINA;Municipalidades;120001;4
I MUNICIPALIDAD DE MAULE;Municipalidades;118070;4
I MUNICIPALIDAD DE MAULLIN;Municipalidades;120791;4
I MUNICIPALIDAD DE MEJILLONES;Municipalidades;117581;4
I MUNICIPALIDAD DE MONTEPATRIA;Municipalidades;112924;4
I MUNICIPALIDAD DE MOSTAZAL;Municipalidades;99101;4
I MUNICIPALIDAD DE MULCHEN;Municipalidades;115311;4
I MUNICIPALIDAD DE NACIMIENTO;Municipalidades;135561;4
I MUNICIPALIDAD DE NANCAGUA;Municipalidades;116750;4
I MUNICIPALIDAD DE NAVIDAD;Municipalidades;118625;4
I MUNICIPALIDAD DE NEGRETE;Municipalidades;142508;4
I MUNICIPALIDAD DE NINHUE;Municipalidades;7051;4
I MUNICIPALIDAD DE NOGALES;Municipalidades;115468;4
I MUNICIPALIDAD DE NUEVA IMPERIAL;Municipalidades;114924;4
I MUNICIPALIDAD DE NUNOA;Municipalidades;86764;4
I MUNICIPALIDAD DE O HIGGINS;Municipalidades;115463;4
I MUNICIPALIDAD DE OLIVAR;Municipalidades;119273;4
I MUNICIPALIDAD DE OLLAGUE;Municipalidades;119996;4
I MUNICIPALIDAD DE OLMUE;Municipalidades;114724;4
I MUNICIPALIDAD DE OSORNO;Municipalidades;84959;4
I MUNICIPALIDAD DE PADRE HURTADO;Municipalidades;117406;4
I MUNICIPALIDAD DE PADRE LAS CASAS;Municipalidades;90886;4
I MUNICIPALIDAD DE PAILLACO;Municipalidades;116744;4
I MUNICIPALIDAD DE PAINE;Municipalidades;100728;4
I MUNICIPALIDAD DE PALENA;Municipalidades;110393;4
I MUNICIPALIDAD DE PALMILLA;Municipalidades;123526;4
I MUNICIPALIDAD DE PANGUIPULLI;Municipalidades;115284;4
I MUNICIPALIDAD DE PANQUEHUE;Municipalidades;113618;4
I MUNICIPALIDAD DE PAPUDO;Municipalidades;115302;4
I MUNICIPALIDAD DE PAREDONES;Municipalidades;118971;4
I MUNICIPALIDAD DE PARRAL;Municipalidades;94459;4
I MUNICIPALIDAD DE PELARCO;Municipalidades;116729;4
I MUNICIPALIDAD DE PELLUHUE;Municipalidades;113978;4
I MUNICIPALIDAD DE PEMUCO;Municipalidades;117587;4
I MUNICIPALIDAD DE PENALOLEN;Municipalidades;87172;4
I MUNICIPALIDAD DE PENCAHUE;Municipalidades;115166;4
I MUNICIPALIDAD DE PENCO;Municipalidades;142575;4
I MUNICIPALIDAD DE PERALILLO;Municipalidades;118619;4
I MUNICIPALIDAD DE PERQUENCO;Municipalidades;133899;4
I MUNICIPALIDAD DE PETORCA;Municipalidades;116223;4
I MUNICIPALIDAD DE PEUMO;Municipalidades;118861;4
I MUNICIPALIDAD DE PICA;Municipalidades;118077;4
I MUNICIPALIDAD DE PICHIDEGUA;Municipalidades;118621;4
I MUNICIPALIDAD DE PINTO;Municipalidades;118071;4
I MUNICIPALIDAD DE PIRQUE;Municipalidades;100072;4
I MUNICIPALIDAD DE PITRUFQUEN;Municipalidades;116411;4
I MUNICIPALIDAD DE PLACILLA;Municipalidades;118087;4
I MUNICIPALIDAD DE PORTEZUELO;Municipalidades;115299;4
I MUNICIPALIDAD DE PRIMAVERA;Municipalidades;117585;4
I MUNICIPALIDAD DE PROVIDENCIA;Municipalidades;88102;4
I MUNICIPALIDAD DE PUCHUNCAVI;Municipalidades;119270;4
I MUNICIPALIDAD DE PUCON;Municipalidades;86943;4
I MUNICIPALIDAD DE PUENTE ALTO;Municipalidades;87388;4
I MUNICIPALIDAD DE PUERTO MONTT;Municipalidades;86507;4
I MUNICIPALIDAD DE PUERTO VARAS;Municipalidades;102868;4
I MUNICIPALIDAD DE PUMANQUE;Municipalidades;116402;4
I MUNICIPALIDAD DE PUNITAQUI;Municipalidades;117588;4
I MUNICIPALIDAD DE PUNTA ARENAS;Municipalidades;86580;4
I MUNICIPALIDAD DE PUQUELDON;Municipalidades;116403;4
I MUNICIPALIDAD DE PUREN;Municipalidades;116945;4
I MUNICIPALIDAD DE PURRANQUE;Municipalidades;114916;4
I MUNICIPALIDAD DE PUTAENDO;Municipalidades;98280;4
I MUNICIPALIDAD DE PUYEHUE;Municipalidades;105334;4
I MUNICIPALIDAD DE QUEILEN;Municipalidades;112919;4
I MUNICIPALIDAD DE QUEMCHI;Municipalidades;125066;4
I MUNICIPALIDAD DE QUILACO;Municipalidades;116940;4
I MUNICIPALIDAD DE QUILLECO;Municipalidades;115979;4
I MUNICIPALIDAD DE QUILLOTA;Municipalidades;88203;4
I MUNICIPALIDAD DE QUINCHAO;Municipalidades;116731;4
I MUNICIPALIDAD DE QUINTA DE TILCOCO;Municipalidades;115010;4
I MUNICIPALIDAD DE QUINTERO;Municipalidades;138454;4
I MUNICIPALIDAD DE RANCAGUA;Municipalidades;87167;4
I MUNICIPALIDAD DE RAUCO;Municipalidades;117589;4
I MUNICIPALIDAD DE RECOLETA;Municipalidades;7325;4
I MUNICIPALIDAD DE RENAICO;Municipalidades;118073;4
I MUNICIPALIDAD DE RENCA;Municipalidades;87185;4
I MUNICIPALIDAD DE RENGO;Municipalidades;100555;4
I MUNICIPALIDAD DE REQUINOA;Municipalidades;116215;4
I MUNICIPALIDAD DE RINCONADA;Municipalidades;114918;4
I MUNICIPALIDAD DE RIO BUENO;Municipalidades;117580;4
I MUNICIPALIDAD DE RIO CLARO;Municipalidades;89591;4
I MUNICIPALIDAD DE RIO HURTADO;Municipalidades;114075;4
I MUNICIPALIDAD DE RIO NEGRO;Municipalidades;7367;4
I MUNICIPALIDAD DE SAAVEDRA;Municipalidades;115313;4
I MUNICIPALIDAD DE SALAMANCA;Municipalidades;116295;4
I MUNICIPALIDAD DE SAN ANTONIO;Municipalidades;100318;4
I MUNICIPALIDAD DE SAN BERNARDO;Municipalidades;86548;4
I MUNICIPALIDAD DE SAN CLEMENTE;Municipalidades;93774;4
I MUNICIPALIDAD DE SAN ESTEBAN;Municipalidades;116226;4
I MUNICIPALIDAD DE SAN FABIAN;Municipalidades;128889;4
I MUNICIPALIDAD DE SAN FELIPE;Municipalidades;100158;4
I MUNICIPALIDAD DE SAN FERNANDO;Municipalidades;7482;4
I MUNICIPALIDAD DE SAN IGNACIO;Municipalidades;116409;4
I MUNICIPALIDAD DE SAN JAVIER;Municipalidades;86407;4
I MUNICIPALIDAD DE SAN JOSE DE MAIPO;Municipalidades;115457;4
I MUNICIPALIDAD DE SAN MIGUEL;Municipalidades;7498;4
I MUNICIPALIDAD DE SAN NICOLAS;Municipalidades;7158;4
I MUNICIPALIDAD DE SAN PABLO;Municipalidades;111960;4
I MUNICIPALIDAD DE SAN PEDRO;Municipalidades;142855;4
I MUNICIPALIDAD DE SAN PEDRO DE ATACAMA;Municipalidades;113428;4
I MUNICIPALIDAD DE SAN PEDRO DE LA PAZ;Municipalidades;100704;4
I MUNICIPALIDAD DE SAN RAFAEL;Municipalidades;113913;4
I MUNICIPALIDAD DE SAN RAMON;Municipalidades;7355;4
I MUNICIPALIDAD DE SAN ROSENDO;Municipalidades;136421;4
I MUNICIPALIDAD DE SAN VICENTE;Municipalidades;135559;4
I MUNICIPALIDAD DE SANTA BARBARA;Municipalidades;118860;4
I MUNICIPALIDAD DE SANTA CRUZ;Municipalidades;117584;4
I MUNICIPALIDAD DE SANTA JUANA;Municipalidades;118623;4
I MUNICIPALIDAD DE SANTA MARIA;Municipalidades;117210;4
I MUNICIPALIDAD DE SANTIAGO;Municipalidades;86568;4
I MUNICIPALIDAD DE SANTO DOMINGO;Municipalidades;113981;4
I MUNICIPALIDAD DE SIERRA GORDA;Municipalidades;117579;4
I MUNICIPALIDAD DE TALAGANTE;Municipalidades;99765;4
I MUNICIPALIDAD DE TALCA;Municipalidades;84480;4
I MUNICIPALIDAD DE TALCAHUANO;Municipalidades;86586;4
I MUNICIPALIDAD DE TALTAL;Municipalidades;118079;4
I MUNICIPALIDAD DE TEMUCO;Municipalidades;7321;4
I MUNICIPALIDAD DE TENO;Municipalidades;116299;4
I MUNICIPALIDAD DE TIERRA AMARILLA;Municipalidades;7360;4
I MUNICIPALIDAD DE TIL TIL;Municipalidades;116218;4
I MUNICIPALIDAD DE TIRUA;Municipalidades;183037;4
I MUNICIPALIDAD DE TOCOPILLA;Municipalidades;115167;4
I MUNICIPALIDAD DE TOME;Municipalidades;98443;4
I MUNICIPALIDAD DE TREHUACO;Municipalidades;145365;4
I MUNICIPALIDAD DE TUCAPEL;Municipalidades;114395;4
I MUNICIPALIDAD DE VALLENAR;Municipalidades;86491;4
I MUNICIPALIDAD DE VALPARAISO;Municipalidades;87402;4
I MUNICIPALIDAD DE VICHUQUEN;Municipalidades;114914;4
I MUNICIPALIDAD DE VICTORIA;Municipalidades;116399;4
I MUNICIPALIDAD DE VICUNA;Municipalidades;115303;4
I MUNICIPALIDAD DE VILCUN;Municipalidades;115009;4
I MUNICIPALIDAD DE VILLA ALEGRE;Municipalidades;7363;4
I MUNICIPALIDAD DE VILLA ALEMANA;Municipalidades;7233;4
I MUNICIPALIDAD DE VILLARRICA;Municipalidades;118084;4
I MUNICIPALIDAD DE VINA DEL MAR;Municipalidades;87399;4
I MUNICIPALIDAD DE VITACURA;Municipalidades;98462;4
I MUNICIPALIDAD DE YUMBEL;Municipalidades;120004;4
I MUNICIPALIDAD DE YUNGAY;Municipalidades;115294;4
I MUNICIPALIDAD DE ZAPALLAR;Municipalidades;132199;4
I MUNICIPALIDAD ESTACION CENTRAL;Municipalidades;87824;4
I MUNICIPALIDAD LO BARNECHEA;Municipalidades;100155;4
I MUNICIPALIDAD PAIHUANO;Municipalidades;118075;4
I MUNICIPALIDAD PEDRO AGUIRRE CERDA;Municipalidades;87104;4
I MUNICIPALIDAD PUERTO OCTAY;Municipalidades;104899;4
I MUNICIPALIDAD RIO IBANEZ;Municipalidades;120002;4
I MUNICIPALIDAD VALDIVIA;Municipalidades;84152;4
I. MUNICIPALIDAD DE QUILPUE;Municipalidades;87633;4
I.MUNICIPALIDAD DE CERRO NAVIA;Municipalidades;86664;4
I.MUNICIPALIDAD DE PORVENIR;Municipalidades;115798;4
I.MUNICIPALIDAD DE ROMERAL;Municipalidades;141881;4
ILUSTRE MINICIPALIDAD DE COMBARBALA;Municipalidades;115297;4
ILUSTRE MUNICIPALIDAD  DE SAGRADA FAMILIA;Municipalidades;7356;4
ILUSTRE MUNICIPALIDAD COCHAMO;Municipalidades;182424;4
ILUSTRE MUNICIPALIDAD DE ALTO BIOBIO;Municipalidades;182336;4
ILUSTRE MUNICIPALIDAD DE ALTO DEL CARMEN;Municipalidades;7328;4
ILUSTRE MUNICIPALIDAD DE CABO DE HORNOS;Municipalidades;116407;4
ILUSTRE MUNICIPALIDAD DE CAMARONES;Municipalidades;294421;4
ILUSTRE MUNICIPALIDAD DE CAMINA;Municipalidades;119487;4
ILUSTRE MUNICIPALIDAD DE CHILLAN VIEJO;Municipalidades;116221;4
ILUSTRE MUNICIPALIDAD DE COLBUN;Municipalidades;124195;4
ILUSTRE MUNICIPALIDAD DE CONTULMO;Municipalidades;141884;4
ILUSTRE MUNICIPALIDAD DE CURARREHUE;Municipalidades;118093;4
ILUSTRE MUNICIPALIDAD DE CUREPTO;Municipalidades;133311;4
ILUSTRE MUNICIPALIDAD DE DIEGO DE ALMAGRO;Municipalidades;7454;4
ILUSTRE MUNICIPALIDAD DE EL CARMEN;Municipalidades;123784;4
ILUSTRE MUNICIPALIDAD DE GALVARINO;Municipalidades;124203;4
ILUSTRE MUNICIPALIDAD DE GENERAL LAGOS;Municipalidades;118859;4
ILUSTRE MUNICIPALIDAD DE HUARA;Municipalidades;116946;4
ILUSTRE MUNICIPALIDAD DE LA SERENA;Municipalidades;87976;4
ILUSTRE MUNICIPALIDAD DE LUMACO;Municipalidades;138211;4
ILUSTRE MUNICIPALIDAD DE MACHALI;Municipalidades;113852;4
ILUSTRE MUNICIPALIDAD DE MACUL;Municipalidades;84300;4
ILUSTRE MUNICIPALIDAD DE MELIPILLA;Municipalidades;98901;4
ILUSTRE MUNICIPALIDAD DE MOLINA;Municipalidades;84961;4
ILUSTRE MUNICIPALIDAD DE NATALES;Municipalidades;98448;4
ILUSTRE MUNICIPALIDAD DE PICHILEMU;Municipalidades;117179;4
ILUSTRE MUNICIPALIDAD DE POZO ALMONTE;Municipalidades;94315;4
ILUSTRE MUNICIPALIDAD DE PUTRE;Municipalidades;119479;4
ILUSTRE MUNICIPALIDAD DE QUELLÓN;Municipalidades;110102;4
ILUSTRE MUNICIPALIDAD DE QUILICURA;Municipalidades;88313;4
ILUSTRE MUNICIPALIDAD DE QUILLON;Municipalidades;135562;4
ILUSTRE MUNICIPALIDAD DE QUINTA NORMAL;Municipalidades;88075;4
ILUSTRE MUNICIPALIDAD DE QUIRIHUE;Municipalidades;124198;4
ILUSTRE MUNICIPALIDAD DE RANQUIL;Municipalidades;7418;4
ILUSTRE MUNICIPALIDAD DE RETIRO;Municipalidades;113252;4
ILUSTRE MUNICIPALIDAD DE RIO VERDE;Municipalidades;115301;4
ILUSTRE MUNICIPALIDAD DE SAN CARLOS;Municipalidades;100107;4
ILUSTRE MUNICIPALIDAD DE SAN GREGORIO;Municipalidades;115795;4
ILUSTRE MUNICIPALIDAD DE SAN JOAQUIN;Municipalidades;7135;4
ILUSTRE MUNICIPALIDAD DE SAN JUAN DE LA COSTA;Municipalidades;118085;4
ILUSTRE MUNICIPALIDAD DE TIMAUKEL;Municipalidades;224045;4
ILUSTRE MUNICIPALIDAD DE TOLTEN;Municipalidades;117582;4
ILUSTRE MUNICIPALIDAD DE TORRES DEL PAIN;Municipalidades;106000;4
ILUSTRE MUNICIPALIDAD DE TORTEL;Municipalidades;7301;4
ILUSTRE MUNICIPALIDAD DE YERBAS BUENAS;Municipalidades;116738;4
ILUSTRE MUNICIPALIDAD DE ÑIQUEN;Municipalidades;134356;4
ILUSTRE MUNICIPALIDAD MELIPEUCO;Municipalidades;121617;4
ILUSTRE MUNICIPALIDAD TEODORO SCHMIDT;Municipalidades;115280;4
ILUSTRE TERCER TRIBUNAL AMBIENTAL;Legislativo y Judicial;1378463;3
INIA;Gobierno Central, Universidades;1175633;2
INSTITUTO ANTARTICO CHILENO;Gobierno Central, Universidades;7004;2
INSTITUTO DE DESARROLLO AGROPECUARIO;Gobierno Central, Universidades;6937;2
INSTITUTO DE FOMENTO PESQUERO;Gobierno Central, Universidades;7070;2
INSTITUTO DE NEUROCIRUGÍA;Salud;7474;7
INSTITUTO DE PREVISION SOCIAL;Gobierno Central, Universidades;1090469;2
INSTITUTO DE SALUD PUBLICA DE CHILE;Salud;7177;7
INSTITUTO DE SEGURIDAD LABORAL;Gobierno Central, Universidades;6953;2
INSTITUTO FORESTAL;Gobierno Central, Universidades;7497;2
INSTITUTO NACIONAL DE DEPORTES DE CHILE;Gobierno Central, Universidades;7216;2
INSTITUTO NACIONAL DE DERECHOS HUMANOS;Gobierno Central, Universidades;1189679;2
INSTITUTO NACIONAL DE DESARROLLO SUSTENTABLE DE LA PESCA ARTESANAL Y A;Gobierno Central, Universidades;1682711;2
INSTITUTO NACIONAL DE ESTADISTICAS;Gobierno Central, Universidades;6931;2
INSTITUTO NACIONAL DE GERIATRIA PRESIDENTE EDO FREI MONTALVA;Salud;7430;7
INSTITUTO NACIONAL DE HIDRAULICA;Obras Públicas;7176;5
INSTITUTO NACIONAL DE LA JUVENTUD;Gobierno Central, Universidades;7197;2
INSTITUTO NACIONAL DE PROPIEDAD INDUSTRIAL;Gobierno Central, Universidades;1042394;2
INSTITUTO NACIONAL DE REHABILITACION PEDRO AGUIRRE CERDA;Salud;7432;7
INSTITUTO NACIONAL DEL CANCER;Salud;7276;7
INSTITUTO NACIONAL DEL TORAX;Salud;7298;7
INSTITUTO PSIQUIATRICO DR JOSE HORWITZ BARAK;Salud;7044;7
JUNTA DE AERONAUTICA CIVIL;Gobierno Central, Universidades;7014;2
JUNTA DE ALCALDES PROVIDENCIA LAS CONDES LA REINA;;2004036;8
JUNTA NACIONAL DE AUXILIO ESCOLAR Y BECA;Gobierno Central, Universidades;7002;2
JUNTA NACIONAL DE CUERPOS DE BOMBEROS DE CHILE;Otros;1079772;6
JUNTA NACIONAL DE JARDINES         INFANTILES;Gobierno Central, Universidades;6928;2
LO BARNECHEA SERVICIOS;Otros;1961066;6
MINISTERIO DE BIENES NACIONALES;Gobierno Central, Universidades;6941;2
MINISTERIO DE LA MUJER Y LA EQUIDAD DE GÉNERO;Gobierno Central, Universidades;1512218;2
MINISTERIO DE OBRAS PUBLICAS DIREC CION GRAL DE OO PP DCYF;Obras Públicas;7249;5
MINISTERIO DE OBRAS PUBLICAS DIREC CION GRAL DE OO PP DCYF;Obras Públicas;7248;5
MINISTERIO PUBLICO;Legislativo y Judicial;224060;3
MINISTERIO SECRETARIA GENERAL DE LA PRESIDENCIA DE LA REPUBLICA;Gobierno Central, Universidades;6949;2
MOP - DIRECCIÓN DE AEROPUERTOS;Obras Públicas;7243;5
MOP - DIRECCIÓN DE ARQUITECTURA;Obras Públicas;7245;5
MOP - DIRECCIÓN DE FISCALÍA;Obras Públicas;7244;5
MOP - DIRECCIÓN DE OBRAS HIDRÁULICAS;Obras Públicas;7242;5
MOP - DIRECCIÓN DE OBRAS PORTUARIAS;Obras Públicas;7246;5
MOP - DIRECCIÓN GENERAL CONTABILIDAD Y FINANZAS;Obras Públicas;7068;5
MOP - DIRECCIÓN GENERAL DE AGUAS;Obras Públicas;7247;5
MOP - DIRECCIÓN GENERAL DE OBRAS PÚBLICAS;Obras Públicas;7250;5
MOP - DIRECCIÓN GENERAL PLANEAMIENTO;Obras Públicas;7067;5
MOP DIRECCIÓN GENERAL DE CONCESIONES;Obras Públicas;7353;5
MUNICIPALIDAD DE ALTO HOSPICIO;Municipalidades;114923;4
MUNICIPALIDAD DE CHOLCHOL;Municipalidades;165105;4
MUNICIPALIDAD DE CORRAL;Municipalidades;119089;4
MUNICIPALIDAD DE GORBEA;Municipalidades;117586;4
MUNICIPALIDAD DE HUALPEN;Municipalidades;123786;4
MUNICIPALIDAD DE HUECHURABA;Municipalidades;100739;4
MUNICIPALIDAD DE LOS ANDES;Municipalidades;101002;4
MUNICIPALIDAD DE OVALLE;Municipalidades;99860;4
MUNICIPALIDAD DE PEÑAFLOR;Municipalidades;100137;4
MUNICIPALIDAD DE PUDAHUEL;Municipalidades;84149;4
MUNICIPALIDAD DE TRAIGUEN;Municipalidades;115163;4
OFICINA DE ESTUDIOS Y POLITICAS AGRARIAS;Gobierno Central, Universidades;7005;2
PARQUE METROPOLITANO DE SANTIAGO;Gobierno Central, Universidades;6935;2
POLICIA DE INVESTIGACIONES DE CHILE;Fuerzas Armadas;111880;1
PRESIDENCIA DE LA REPUBLICA;Gobierno Central, Universidades;7238;2
PRIMER TRIBUNAL AMBIENTAL CON ASIENTO EN ANTOFAGASTA;Legislativo y Judicial;1592385;3
SECRETARIA GENERAL DE GOBIERNO;Gobierno Central, Universidades;7194;2
SEGUNDO TRIBUNAL AMBIENTAL;Legislativo y Judicial;1342660;3
SENADO DE LA REPUBLICA;Legislativo y Judicial;174692;3
SERV NAC SALUD HOSPITAL DE LOS ANDES;Salud;1214332;7
SERV NACIONAL DE PESCA;Gobierno Central, Universidades;7008;2
SERV SALUD ARAUC SUR HOSP DR ARTURO HILLERNS LARRANAGA DE PTO SAAVEDRA;Salud;7307;7
SERV SALUD METROPOLITANO CENTRAL HOSPITAL CLINICO SAN BORJA ARRIARAN;Salud;7326;7
SERVICIO AGRICOLA Y GANADERO;Gobierno Central, Universidades;6919;2
SERVICIO BIENESTAR PERSONAL ILUSTRE MUNICIPALIDAD DE LOS MUERMOS;Municipalidades;1359748;4
SERVICIO DE BIENESTAR CENTRAL DE ABAST DEL S N S S;Salud;302307;7
SERVICIO DE BIODIVERSIDAD Y ÁREAS PROTEGIDAS;Gobierno Central, Universidades;1968268;2
SERVICIO DE COOPERACION TECNICA;Gobierno Central, Universidades;6950;2
SERVICIO DE EVALUACION AMBIENTAL;Gobierno Central, Universidades;7218;2
SERVICIO DE IMPUESTOS INTERNOS DIRECCION;Gobierno Central, Universidades;7113;2
SERVICIO DE REGISTRO CIVIL E IDENTIFICACION;Gobierno Central, Universidades;6960;2
SERVICIO DE SALUD ACONCAGUA;Salud;7431;7
SERVICIO DE SALUD ACONCAGUA HOSPITAL DE PUTAENDO;Salud;1215262;7
SERVICIO DE SALUD ANTOFAGASTA DIRECCION;Salud;7185;7
SERVICIO DE SALUD ANTOFAGASTA HOSP C CIS;Salud;7494;7
SERVICIO DE SALUD ANTOFAGASTA HOSPITAL 21 DE MAYO TALTAL;Salud;7391;7
SERVICIO DE SALUD ANTOFAGASTA HOSPITAL L;Salud;7451;7
SERVICIO DE SALUD ANTOFAGASTA HOSPITAL M;Salud;7385;7
SERVICIO DE SALUD ARAUCANIA HOSPITAL DE TRAIGUEN;Salud;7384;7
SERVICIO DE SALUD ARAUCANIA NORTE;Salud;7302;7
SERVICIO DE SALUD ARAUCANIA NORTE HOSPITAL DE ANGOL;Salud;7306;7
SERVICIO DE SALUD ARAUCANIA SUR;Salud;7102;7
SERVICIO DE SALUD ARAUCANIA SUR HOSPITAL CARAHUE;Salud;7131;7
SERVICIO DE SALUD ARAUCANIA SUR HOSPITAL DE GORBEA;Salud;7047;7
SERVICIO DE SALUD ARAUCANIA SUR HOSPITAL DE NUEVA IMPERIAL;Salud;7060;7
SERVICIO DE SALUD ARAUCO;Salud;6976;7
SERVICIO DE SALUD ARAUCO HOSPITAL DE ARAUCO;Salud;7398;7
SERVICIO DE SALUD ARICA HOSP DR JUAN NOE CREVANI;Salud;1667479;7
SERVICIO DE SALUD ATACAMA;Salud;7409;7
SERVICIO DE SALUD ATACAMA HOSPITAL COPIA;Salud;7411;7
SERVICIO DE SALUD ATACAMA HOSPITAL DE CHANARAL;Salud;7413;7
SERVICIO DE SALUD ATACAMA HOSPITAL FLORENCIO VARGAS DIAZ;Salud;7415;7
SERVICIO DE SALUD AYSEN CARLOS IBANEZ DEL CAMPO;Salud;7206;7
SERVICIO DE SALUD BIO BIO;Salud;7308;7
SERVICIO DE SALUD BIO BIO HOSPITAL DE HU;Salud;7389;7
SERVICIO DE SALUD BIO BIO HOSPITAL DE LAJA;Salud;7464;7
SERVICIO DE SALUD BIO BIO HOSPITAL DE MULCHEN;Salud;7434;7
SERVICIO DE SALUD BIO BIO HOSPITAL DE YU;Salud;7397;7
SERVICIO DE SALUD BIO BIO HOSPITAL SANTA BARBARA;Salud;7404;7
SERVICIO DE SALUD CHILOE;Salud;16223;7
SERVICIO DE SALUD CONCEPCION;Salud;7205;7
SERVICIO DE SALUD CONCEPCION ARAUCO CONS;Salud;7473;7
SERVICIO DE SALUD CONCEPCION ARAUCO HOSPITAL DE CONTULMO;Salud;7400;7
SERVICIO DE SALUD COQUIMBO;Salud;7052;7
SERVICIO DE SALUD COQUIMBO HOSPITAL COMB;Salud;7330;7
SERVICIO DE SALUD COQUIMBO HOSPITAL DE ANDACOLLO;Salud;7472;7
SERVICIO DE SALUD COQUIMBO HOSPITAL DE COQUIMBO;Salud;7416;7
SERVICIO DE SALUD COQUIMBO HOSPITAL DE LOS VILOS;Salud;7471;7
SERVICIO DE SALUD COQUIMBO HOSPITAL DE O;Salud;7417;7
SERVICIO DE SALUD COQUIMBO HOSPITAL DR. HUMBERTO ELORZA CORTES;Salud;7468;7
SERVICIO DE SALUD COQUIMBO HOSPITAL LA SERENA;Salud;7312;7
SERVICIO DE SALUD COQUIMBO HOSPITAL VICUNA;Salud;7329;7
SERVICIO DE SALUD DE ARICA Y PARINACOTA;Salud;6926;7
SERVICIO DE SALUD DE LA ARAUCANIA SUR HOSPITAL LONCOCHE;Salud;7156;7
SERVICIO DE SALUD DE TALCAHUANO HOSPITAL;Salud;7419;7
SERVICIO DE SALUD DEL LIBERTADOR B O'HIGGINS HOSPITAL REG RANCAGUA;Salud;7374;7
SERVICIO DE SALUD DEL MAULE;Salud;7141;7
SERVICIO DE SALUD DEL MAULE HOSPITAL DE CAUQUENES;Salud;7256;7
SERVICIO DE SALUD DEL MAULE HOSPITAL DE CHANCO;Salud;7279;7
SERVICIO DE SALUD DEL MAULE HOSPITAL DE CUREPTO;Salud;7278;7
SERVICIO DE SALUD DEL MAULE HOSPITAL DE CURICO;Salud;7452;7
SERVICIO DE SALUD DEL MAULE HOSPITAL DE HUALANE;Salud;7255;7
SERVICIO DE SALUD DEL MAULE HOSPITAL DE LICANTEN;Salud;7257;7
SERVICIO DE SALUD DEL MAULE HOSPITAL DE LINARES;Salud;7258;7
SERVICIO DE SALUD DEL MAULE HOSPITAL DE MOLINA;Salud;7280;7
SERVICIO DE SALUD DEL MAULE HOSPITAL DE PARRAL;Salud;7259;7
SERVICIO DE SALUD DEL MAULE HOSPITAL DE TALCA;Salud;7260;7
SERVICIO DE SALUD DEL MAULE HOSPITAL DE TENO;Salud;7261;7
SERVICIO DE SALUD DEL MAULE HOSPITAL SAN JAVIER;Salud;7262;7
SERVICIO DE SALUD HOSPITAL COINCO;Salud;7421;7
SERVICIO DE SALUD HOSPITAL DE CHIMBARONGO;Salud;7441;7
SERVICIO DE SALUD HOSPITAL DE GRANEROS;Salud;7449;7
SERVICIO DE SALUD HOSPITAL DE MARCHIGUE;Salud;7442;7
SERVICIO DE SALUD HOSPITAL DE NANCAGUA;Salud;7445;7
SERVICIO DE SALUD HOSPITAL DE PEUMO;Salud;7444;7
SERVICIO DE SALUD HOSPITAL DE PICHIDEGUA;Salud;7435;7
SERVICIO DE SALUD HOSPITAL DE PICHILEMU;Salud;7436;7
SERVICIO DE SALUD HOSPITAL DE RENGO;Salud;7440;7
SERVICIO DE SALUD HOSPITAL DE SAN FERNANDO;Salud;7448;7
SERVICIO DE SALUD HOSPITAL DE SAN VICENTE DE TAGUA TAGUA;Salud;7443;7
SERVICIO DE SALUD HOSPITAL DE SANTA CRUZ;Salud;7314;7
SERVICIO DE SALUD IQUIQUE;Salud;7453;7
SERVICIO DE SALUD LIBERTADOR BDO OHIGGINS;Salud;7054;7
SERVICIO DE SALUD LOS RIOS;Salud;7106;7
SERVICIO DE SALUD MAGALLANES;Salud;7382;7
SERVICIO DE SALUD MAGALLANES HOSPITAL DE PTO NATALES;Salud;7310;7
SERVICIO DE SALUD METROPOLI CENTRAL DIRECCION DE ATENCION PRIMARIA;Salud;7466;7
SERVICIO DE SALUD METROPOLITANA NORTE HOSPITAL SAN JOSE;Salud;7406;7
SERVICIO DE SALUD METROPOLITANO CENTRAL;Salud;7088;7
SERVICIO DE SALUD METROPOLITANO NORTE;Salud;6963;7
SERVICIO DE SALUD METROPOLITANO NORTE HOSPITAL DE TIL TIL;Salud;7274;7
SERVICIO DE SALUD METROPOLITANO OCCIDENTE HOSPITAL DE CURACAVI;Salud;7455;7
SERVICIO DE SALUD METROPOLITANO SUR HOSP;Salud;7293;7
SERVICIO DE SALUD METROPOLITANO SUR ORIENTE;Salud;7203;7
SERVICIO DE SALUD NORTE HOSPITAL ROBERTO DEL RIO;Salud;7045;7
SERVICIO DE SALUD NUBLE;Salud;6932;7
SERVICIO DE SALUD NUBLE HOSPITAL DE EL C;Salud;7139;7
SERVICIO DE SALUD NUBLE HOSPITAL DE QUIRIHUE;Salud;7303;7
SERVICIO DE SALUD NUBLE HOSPITAL DE SAN CARLOS DR BENICIO ARZOLA MEDIN;Salud;7469;7
SERVICIO DE SALUD NUBLE HOSPITAL DE YUNG;Salud;7053;7
SERVICIO DE SALUD OCCIDENTE HOSPITAL SAN JUAN DE DIOS;Salud;7316;7
SERVICIO DE SALUD OCCIDENTE INSTITUTO TRAUMATOLOGICO DE SANTIAGO;Salud;7456;7
SERVICIO DE SALUD ORIENTE HOSPITAL DEL SALVADOR;Salud;7428;7
SERVICIO DE SALUD ORIENTE HOSPITAL LUIS CALVO MACKENNA;Salud;6918;7
SERVICIO DE SALUD OSORNO;Salud;7296;7
SERVICIO DE SALUD OSORNO HOSPITAL PURRANQUE;Salud;7327;7
SERVICIO DE SALUD SUR HOSPITAL EXEQUIEL;Salud;7305;7
SERVICIO DE SALUD SUR HOSPITAL LUCIO CORDOVA;Salud;7311;7
SERVICIO DE SALUD SUR HOSPITAL SAN LUIS;Salud;7405;7
SERVICIO DE SALUD SUR HOSPITAL SANATORIO EL PINO;Salud;7390;7
SERVICIO DE SALUD SUR UNIDAD HOSPITALARI;Salud;7006;7
SERVICIO DE SALUD TALCAHUANO HOSPITAL DE;Salud;7315;7
SERVICIO DE SALUD VALDIVIA HOSPITAL BASE;Salud;7410;7
SERVICIO DE SALUD VALDIVIA HOSPITAL DE C;Salud;7426;7
SERVICIO DE SALUD VALDIVIA HOSPITAL DE L;Salud;7425;7
SERVICIO DE SALUD VALDIVIA HOSPITAL DE P;Salud;7422;7
SERVICIO DE SALUD VALDIVIA HOSPITAL DE R;Salud;7423;7
SERVICIO DE SALUD VALDIVIA HOSPITAL LA U;Salud;7429;7
SERVICIO DE SALUD VALDIVIA HOSPITAL LANC;Salud;7424;7
SERVICIO DE SALUD VALPARAISO SAN ANTONIO;Salud;7239;7
SERVICIO DE SALUD VIÑA DEL MAR QUILLOTA HOSPITAL DE PEÑABLANCA;Salud;7489;7
SERVICIO DE SALUD VIÑA DEL MAR QUILLOTA HOSPITAL DE QUILLOTA;Salud;7345;7
SERVICIO DE VIVIENDA Y URBANIZACION AREA METROPOLITANA;Obras Públicas;6965;5
SERVICIO DE VIVIENDA Y URBANIZACION DE V;Obras Públicas;285964;5
SERVICIO DE VIVIENDA Y URBANIZACION I REGION;Obras Públicas;6923;5
SERVICIO DE VIVIENDA Y URBANIZACION II REGION;Obras Públicas;6974;5
SERVICIO DE VIVIENDA Y URBANIZACION III REGION;Obras Públicas;6975;5
SERVICIO DE VIVIENDA Y URBANIZACION IV REGION;Obras Públicas;6972;5
SERVICIO DE VIVIENDA Y URBANIZACION IX REGION;Obras Públicas;6980;5
SERVICIO DE VIVIENDA Y URBANIZACION REGION ÑUBLE;Obras Públicas;1654650;5
SERVICIO DE VIVIENDA Y URBANIZACION REGIÓN DEL BIO BIO;Obras Públicas;6979;5
SERVICIO DE VIVIENDA Y URBANIZACION V REGION;Obras Públicas;6968;5
SERVICIO DE VIVIENDA Y URBANIZACION VI REGION;Obras Públicas;6977;5
SERVICIO DE VIVIENDA Y URBANIZACION VII REGION;Obras Públicas;6978;5
SERVICIO DE VIVIENDA Y URBANIZACION X REGION;Obras Públicas;6981;5
SERVICIO DE VIVIENDA Y URBANIZACION XI REGION;Obras Públicas;6982;5
SERVICIO ELECTORAL;Gobierno Central, Universidades;225773;2
SERVICIO LOCAL DE EDUCACION COSTA ARAUCANIA;Gobierno Central, Universidades;1622818;2
SERVICIO LOCAL DE EDUCACION DE CHINCHORRO;Gobierno Central, Universidades;1675210;2
SERVICIO LOCAL DE EDUCACION DE PUERTO CORDILLERA;Gobierno Central, Universidades;1593366;2
SERVICIO LOCAL DE EDUCACION LAS BARRANCAS;Gobierno Central, Universidades;1593370;2
SERVICIO LOCAL DE EDUCACION PUBLICA ANDALIEN SUR;Gobierno Central, Universidades;1675218;2
SERVICIO LOCAL DE EDUCACION PUBLICA DE COLCHAGUA;Otros;1717135;6
SERVICIO LOCAL DE EDUCACION PUBLICA DE GABRIELA MISTRAL;Gobierno Central, Universidades;1675231;2
SERVICIO LOCAL DE EDUCACION PUBLICA DE LLANQUIHUE;Otros;1717137;6
SERVICIO LOCAL DE EDUCACION PUBLICA DE VALPARAISO;Otros;1722523;6
SERVICIO LOCAL DE EDUCACION PÚBLICA DE ATACAMA;Otros;1723291;6
SERVICIO LOCAL DE EDUCACIÓN PÚBLICA ACONCAGUA;Gobierno Central, Universidades;1959820;2
SERVICIO LOCAL DE EDUCACIÓN PÚBLICA ANTOFAGASTA;Gobierno Central, Universidades;1959810;2
SERVICIO LOCAL DE EDUCACIÓN PÚBLICA AYSÉN;Otros;1820914;6
SERVICIO LOCAL DE EDUCACIÓN PÚBLICA DE ANDALIÉN COSTA;Otros;1890597;6
SERVICIO LOCAL DE EDUCACIÓN PÚBLICA DE CHILOÉ;Gobierno Central, Universidades;1975701;2
SERVICIO LOCAL DE EDUCACIÓN PÚBLICA DE COSTA CENTRAL;Otros;1890618;6
SERVICIO LOCAL DE EDUCACIÓN PÚBLICA DE HUASCO;Gobierno Central, Universidades;1622793;2
SERVICIO LOCAL DE EDUCACIÓN PÚBLICA DE LOS ÁLAMOS;;1972213;8
SERVICIO LOCAL DE EDUCACIÓN PÚBLICA DE MARGA MARGA;Otros;1890635;6
SERVICIO LOCAL DE EDUCACIÓN PÚBLICA DE VALDIVIA;Otros;1890653;6
SERVICIO LOCAL DE EDUCACIÓN PÚBLICA DEL ELQUI;Otros;1890625;6
SERVICIO LOCAL DE EDUCACIÓN PÚBLICA DEL PINO;Otros;1890619;6
SERVICIO LOCAL DE EDUCACIÓN PÚBLICA IQUIQUE;Otros;1820906;6
SERVICIO LOCAL DE EDUCACIÓN PÚBLICA LICANCABUR;Otros;1820922;6
SERVICIO LOCAL DE EDUCACIÓN PÚBLICA LOS ANDES;Gobierno Central, Universidades;1959828;2
SERVICIO LOCAL DE EDUCACIÓN PÚBLICA LOS LIBERTADORES;Otros;1890634;6
SERVICIO LOCAL DE EDUCACIÓN PÚBLICA LOS PARQUES;Gobierno Central, Universidades;1959829;2
SERVICIO LOCAL DE EDUCACIÓN PÚBLICA MAGALLANES;Otros;1820911;6
SERVICIO LOCAL DE EDUCACIÓN PÚBLICA MAULE COSTA;Otros;1820918;6
SERVICIO LOCAL DE EDUCACIÓN PÚBLICA PETORCA;Gobierno Central, Universidades;1959831;2
SERVICIO LOCAL DE EDUCACIÓN PÚBLICA PUELCHE;Gobierno Central, Universidades;1959832;2
SERVICIO LOCAL DE EDUCACIÓN PÚBLICA PUNILLA CORDILLERA;Otros;1820915;6
SERVICIO LOCAL DE EDUCACIÓN PÚBLICA SANTA CORINA;Otros;1890637;6
SERVICIO LOCAL DE EDUCACIÓN PÚBLICA SANTA ROSA;Otros;1890640;6
SERVICIO LOCAL DE EDUCACIÓN PÚBLICA SANTIAGO CENTRO;Gobierno Central, Universidades;1959833;2
SERVICIO LOCAL DE EDUCACIÓN PÚBLICA TAMARUGAL;Otros;1890644;6
SERVICIO LOCAL DE EDUCACIÓN PÚBLICA VALLE CACHAPOAL;Gobierno Central, Universidades;1959834;2
SERVICIO LOCAL DE EDUCACIÓN PÚBLICA VALLE DIGUILLÍN;Gobierno Central, Universidades;1959836;2
SERVICIO MEDICO LEGAL;Gobierno Central, Universidades;7179;2
SERVICIO NAC DE SALUD HOSPITAL DE PTO CISNES;Salud;7476;7
SERVICIO NAC DE SALUD HOSPITAL TRAUMATOLOGICO;Salud;7479;7
SERVICIO NACIONAL ARAUCANIA SUR HOSPITAL DR ABRAHAM GODOY PENA LAUTARO;Salud;7289;7
SERVICIO NACIONAL DE ADUANAS;Gobierno Central, Universidades;6952;2
SERVICIO NACIONAL DE CAPACITACION Y EMPLEO;Gobierno Central, Universidades;6962;2
SERVICIO NACIONAL DE GEOLOGIA Y MINERIA;Gobierno Central, Universidades;7210;2
SERVICIO NACIONAL DE LA DISCAPACIDAD;Gobierno Central, Universidades;7184;2
SERVICIO NACIONAL DE LA MUJER Y LA EQUIDAD DE GENERO;Gobierno Central, Universidades;6948;2
SERVICIO NACIONAL DE MENORES;Gobierno Central, Universidades;7017;2
SERVICIO NACIONAL DE MIGRACIONES;Otros;1783361;6
SERVICIO NACIONAL DE PREVENCIÓN Y RESPUESTA ANTE DESASTRES;Gobierno Central, Universidades;7180;2
SERVICIO NACIONAL DE PROTECCIÓN ESPECIALIZADA A LA NIÑEZ Y ADOLESCENCI;Otros;1765960;6
SERVICIO NACIONAL DE REINSERCION SOCIAL JUVENIL;Otros;1887034;6
SERVICIO NACIONAL DE SALUD HOSPITAL CARLOS VAN BUREN;Salud;1468521;7
SERVICIO NACIONAL DE SALUD HOSPITAL DE COCHRANE;Salud;7480;7
SERVICIO NACIONAL DE SALUD HOSPITAL DE COELEMU;Salud;7285;7
SERVICIO NACIONAL DE SALUD HOSPITAL DE CORONEL;Salud;7332;7
SERVICIO NACIONAL DE SALUD HOSPITAL DE COYHAIQUE;Salud;7340;7
SERVICIO NACIONAL DE SALUD HOSPITAL DE CURANILAHUE;Salud;7399;7
SERVICIO NACIONAL DE SALUD HOSPITAL DE FLORIDA;Salud;7475;7
SERVICIO NACIONAL DE SALUD HOSPITAL DE LEBU;Salud;7402;7
SERVICIO NACIONAL DE SALUD HOSPITAL DE LLAY LLAY;Salud;1216200;7
SERVICIO NACIONAL DE SALUD HOSPITAL DE LOTA;Salud;7481;7
SERVICIO NACIONAL DE SALUD HOSPITAL DE P;Salud;7459;7
SERVICIO NACIONAL DE SALUD HOSPITAL DE PUERTO AYSEN;Salud;7335;7
SERVICIO NACIONAL DE SALUD HOSPITAL DE PUERTO OCTAY;Salud;7287;7
SERVICIO NACIONAL DE SALUD HOSPITAL DE RIO NEGRO;Salud;7470;7
SERVICIO NACIONAL DE SALUD HOSPITAL DE T;Salud;7457;7
SERVICIO NACIONAL DE SALUD HOSPITAL LEOPOLDO ORTEGA RODRÍGUEZ;Salud;116754;7
SERVICIO NACIONAL DE SALUD HOSPITAL PUREN;Salud;7465;7
SERVICIO NACIONAL DE TURISMO;Gobierno Central, Universidades;7190;2
SERVICIO NACIONAL DEL ADULTO MAYOR;Gobierno Central, Universidades;7032;2
SERVICIO NACIONAL DEL CONSUMIDOR - SERNAC;Gobierno Central, Universidades;7230;2
SERVICIO NACIONAL DEL PATRIMONIO CULTURAL;Gobierno Central, Universidades;7011;2
SERVICIO NACIONAL PARA LA PREVENCION Y REHABILITACION DEL CONSUMO DE D;Gobierno Central, Universidades;1264424;2
SERVICIO REGIONAL DE LA VIVIENDA Y URBAN;Obras Públicas;278907;5
SERVICIO SALUD ARAUCANIA HOSPITAL DE COLLIPULLI;Salud;7462;7
SERVICIO SALUD ARAUCANIA NORTE HOSPITAL CURACAUTIN;Salud;7433;7
SERVICIO SALUD ARAUCANIA NORTE HOSPITAL VICTORIA;Salud;7288;7
SERVICIO SALUD ARAUCANIA SUR HOSPIT DR EDUARDO GONZALEZ GALENO CUNCO;Salud;7291;7
SERVICIO SALUD ARAUCANIA SUR HOSPITAL PITRUFQUEN;Salud;7048;7
SERVICIO SALUD ARAUCANIA SUR HOSPITAL TOLTEN;Salud;7062;7
SERVICIO SALUD ATACAMA HOSPITAL DE HUASCO;Salud;7414;7
SERVICIO SALUD BIO BIO HOSPITAL NACIMIENTO;Salud;7388;7
SERVICIO SALUD COQUIMBO HOSP DE SALAMANC;Salud;7323;7
SERVICIO SALUD DEL RELONCAVI;Salud;7104;7
SERVICIO SALUD METROPOLITANO OCCIDENTE;Salud;7029;7
SERVICIO SALUD OCCIDENTE HOSPITAL DR FELIX BULNES CERDA;Salud;7383;7
SERVICIO SALUD SAN FELIPE LOS ANDES HOSP;Salud;1216718;7
SERVICIO SALUD TALCAHUANO HOSPITAL PENCO-LIRQUEN;Salud;7446;7
SERVICIO SALUD VINA DEL MAR QUILLOTA;Salud;7153;7
SERVIU REGION DE MAGALLANES Y DE LA ANTARTICA CHILENA;Obras Públicas;6964;5
SUBSECRETARIA DE CIENCIA, TECNOLOGIA, CONOCIMIENTO E INNOVACION;Gobierno Central, Universidades;1689493;2
SUBSECRETARIA DE DEFENSA;Gobierno Central, Universidades;1191967;2
SUBSECRETARIA DE DERECHOS HUMANOS;Gobierno Central, Universidades;1550588;2
SUBSECRETARIA DE DESARROLLO REGIONAL Y ADMINISTRATIVO;Gobierno Central, Universidades;7081;2
SUBSECRETARIA DE ECONOMIA Y EMPRESAS DE MENOR TAMANO;Gobierno Central, Universidades;7078;2
SUBSECRETARIA DE EDUCACION PARVULARIA;Gobierno Central, Universidades;1489605;2
SUBSECRETARIA DE EDUCACION SUPERIOR;Gobierno Central, Universidades;1684746;2
SUBSECRETARIA DE ENERGIA;Gobierno Central, Universidades;1155673;2
SUBSECRETARIA DE EVALUACION SOCIAL;Gobierno Central, Universidades;1329930;2
SUBSECRETARIA DE LA NIÑEZ;Gobierno Central, Universidades;1659065;2
SUBSECRETARIA DE PESCA Y ACUICULTURA;Gobierno Central, Universidades;7211;2
SUBSECRETARIA DE PREVENCION DEL DELITO;Gobierno Central, Universidades;1256896;2
SUBSECRETARIA DE PREVISION SOCIAL;Gobierno Central, Universidades;7191;2
SUBSECRETARIA DE RELACIONES ECONOMICAS INTERNACIONALES;Gobierno Central, Universidades;1674041;2
SUBSECRETARIA DE RELACIONES EXTERIORES;Gobierno Central, Universidades;7227;2
SUBSECRETARIA DE SALUD PUBLICA;Salud;7079;7
SUBSECRETARIA DE SEGURIDAD PUBLICA;;2029471;8
SUBSECRETARIA DE SERVICIOS SOCIALES;Gobierno Central, Universidades;6947;2
SUBSECRETARIA DE TELECOMUNICACIONES;Gobierno Central, Universidades;6934;2
SUBSECRETARIA DE TRANSPORTES;Gobierno Central, Universidades;7007;2
SUBSECRETARIA DE TURISMO;Gobierno Central, Universidades;1220768;2
SUBSECRETARIA DEL DEPORTE;Gobierno Central, Universidades;1396777;2
SUBSECRETARIA DEL INTERIOR;Gobierno Central, Universidades;6944;2
SUBSECRETARIA DEL MEDIO AMBIENTE;Gobierno Central, Universidades;1198788;2
SUBSECRETARIA DEL MINISTERIO DE AGRICULT;Gobierno Central, Universidades;7189;2
SUBSECRETARIA DEL MINISTERIO DE EDUCACION PUBLICA;Gobierno Central, Universidades;6958;2
SUBSECRETARIA DEL MINISTERIO DE HACIENDA;Gobierno Central, Universidades;6943;2
SUBSECRETARIA DEL MINISTERIO DE JUSTICIA;Gobierno Central, Universidades;7080;2
SUBSECRETARIA DEL MINISTERIO DE LA VIVIENDA Y URBANISMO;Obras Públicas;6951;5
SUBSECRETARIA DEL MINISTERIO DE MINERIA;Gobierno Central, Universidades;7018;2
SUBSECRETARIA DEL PATRIMONIO CULTURAL;Otros;1623817;6
SUBSECRETARIA DEL TRABAJO;Gobierno Central, Universidades;6939;2
SUBSECRETARIA PARA LAS FUERZAS ARMADAS;Gobierno Central, Universidades;1216382;2
SUBSECRETARÍA DE LAS CULTURAS Y LAS ARTES;Gobierno Central, Universidades;7359;2
SUPERINTENDENCIA DE CASINOS DE JUEGO;Gobierno Central, Universidades;128260;2
SUPERINTENDENCIA DE EDUCACION ESCOLAR;Gobierno Central, Universidades;1309788;2
SUPERINTENDENCIA DE EDUCACIÓN SUPERIOR;Gobierno Central, Universidades;1667469;2
SUPERINTENDENCIA DE ELECTRICIDAD Y COMBUSTIBLES;Gobierno Central, Universidades;7232;2
SUPERINTENDENCIA DE INSOLVENCIA Y REEMPRENDIMIENTO;Gobierno Central, Universidades;7181;2
SUPERINTENDENCIA DE PENSIONES;Gobierno Central, Universidades;93096;2
SUPERINTENDENCIA DE SALUD;Salud;6930;7
SUPERINTENDENCIA DE SEGURIDAD SOCIAL;Gobierno Central, Universidades;7114;2
SUPERINTENDENCIA DE SERVICIOS SANITARIOS;Gobierno Central, Universidades;7192;2
SUPERINTENDENCIA DEL MEDIO AMBIENTE;Gobierno Central, Universidades;1203668;2
TESORERIA GENERAL DE LA REPUBLICA;Gobierno Central, Universidades;6956;2
TRIBUNAL CONSTITUCIONAL;Legislativo y Judicial;299576;3
TRIBUNAL DE DEFENSA DE LA LIBRE COMPETENCIA;Legislativo y Judicial;1630701;3
TRIBUNAL ELECTORAL REGIONAL IV REGION;Legislativo y Judicial;286412;3
UNIDAD ADMINISTRADORA DE LOS TRIBUNALES TRIBUTARIOS Y ADUANEROS;Gobierno Central, Universidades;1083414;2
UNIDAD DE ANALISIS FINANCIERO;Gobierno Central, Universidades;85017;2
UNIVERSIDAD ARTURO PRAT;Gobierno Central, Universidades;7254;2
UNIVERSIDAD DE ANTOFAGASTA;Gobierno Central, Universidades;130585;2
UNIVERSIDAD DE ATACAMA;Gobierno Central, Universidades;103916;2
UNIVERSIDAD DE AYSEN;Gobierno Central, Universidades;1480923;2
UNIVERSIDAD DE CHILE;Gobierno Central, Universidades;7251;2
UNIVERSIDAD DE LA FRONTERA;Gobierno Central, Universidades;277559;2
UNIVERSIDAD DE LA SERENA;Gobierno Central, Universidades;7319;2
UNIVERSIDAD DE LOS LAGOS;Gobierno Central, Universidades;266724;2
UNIVERSIDAD DE MAGALLANES;Gobierno Central, Universidades;257227;2
UNIVERSIDAD DE O'HIGGINS;Gobierno Central, Universidades;1484134;2
UNIVERSIDAD DE PLAYA ANCHA DE CIENCIAS DE LA EDUCACION;Gobierno Central, Universidades;130972;2
UNIVERSIDAD DE SANTIAGO DE CHILE;Gobierno Central, Universidades;212299;2
UNIVERSIDAD DE TALCA;Gobierno Central, Universidades;7147;2
UNIVERSIDAD DE TARAPACA;Gobierno Central, Universidades;204439;2
UNIVERSIDAD DE VALPARAISO;Gobierno Central, Universidades;96996;2
UNIVERSIDAD DEL BIO BIO;Gobierno Central, Universidades;99805;2
UNIVERSIDAD METROPOLITANA DE CIENCIAS DE LA EDUCACION;Gobierno Central, Universidades;164268;2
UNIVERSIDAD TECNOLOGICA METROPOLITANA;Gobierno Central, Universidades;126109;2